ward_code,Ward,Borough,Childhood_Obesity_Year6,Children_in_poverty,dependent_children_in_out_of_work_households,Public_Transport_Accessibility,Crime_rate,Unauthorised_Absence_in_All_Schools,Median_Household_income,Qualifications_Level4_and_above,Population_density,Households_with_access_to_openspace,Road_Casualties,People_activities_are_limited,People_with_Bad_or_Very_Bad_Health,Average_GCSE,Unemployed
E09000001,City of London,City of London,,14.83,12.22,7.68,16.32,0.59,63620,68.4,2312.5,97.61223906,404,4.4,3.4,54.093266,4.525341915
E05000026,Abbey,Barking and Dagenham,23.21,33.5,28.63,5.85,153.54,1.49,33920,34.5,9884.615385,70.7,50.67,5.1,4.3,32.3920511,14.48823804
E05000027,Alibon,Barking and Dagenham,25.56,35.5,34.44,3.26,115.38,1.38,32470,16.7,7464.285714,8.01,28,8.8,6.7,33.2669571,12.17173822
E05000028,Becontree,Barking and Dagenham,28.35,33.77,33.2,2.85,125.42,1.49,33000,20.6,8923.076923,39.17,26,8.8,7,33.8170161,13.81154343
E05000029,Chadwell Heath,Barking and Dagenham,28.78,34.5,30.47,2.26,119.87,1.68,33920,19.5,2970.588235,63.11,34.67,9.8,6.8,31.2499598,12.11849192
E05000030,Eastbrook,Barking and Dagenham,24.1,27.17,23.77,2.33,75.42,0.96,37400,18.5,3014.285714,56.68,27,8.6,5.9,39.5076716,10.9633289
E05000031,Eastbury,Barking and Dagenham,24.26,33.1,30.46,2.82,112.66,1.46,32870,20,8357.142857,77.43,44.67,8.2,6.4,39.7377121,12.66540643
E05000032,Gascoigne,Barking and Dagenham,26.13,38.47,33.28,3.84,135.41,1.44,29480,25.2,11409.09091,87.33,35,7.1,5.9,30.3606449,17.24845996
E05000033,Goresbrook,Barking and Dagenham,25.82,33.27,31.66,2.54,111.98,1.31,33250,18.8,8730.769231,59.03,19.67,9.2,6.3,32.1476463,12.27333461
E05000034,Heath,Barking and Dagenham,25.41,39.6,34.55,2.58,94.83,1.16,31340,17.6,5425,59.26,30.33,10.2,6.7,20.150057,14.33915212
E05000035,Longbridge,Barking and Dagenham,22.55,18.67,15.94,3.1,98.27,0.9,40570,25,7218.75,62.74,22,6.8,4.6,54.2633471,9.158912607
E05000036,Mayesbrook,Barking and Dagenham,24.88,35.43,30.92,2.57,108.98,1.29,31530,16.2,5473.684211,41.93,28.67,9.5,7,32.6651958,12.67544807
E05000037,Parsloes,Barking and Dagenham,23.28,34.63,31.76,2.72,96.25,1.35,31860,16,8250,55.53,23,10,7.1,35.8862892,12.74710293
E05000038,River,Barking and Dagenham,31.18,32.77,28.27,3.05,74.79,1.33,33490,19.5,3055.555556,28.9,25,8.5,5.5,30.1474786,12.25087925
E05000039,Thames,Barking and Dagenham,24.89,35.5,28.83,2.25,90.82,1.23,32580,24.4,1367.088608,92.47,89.67,7,5.6,29.4907353,15.23789992
E05000040,Valence,Barking and Dagenham,21.47,32.8,32.06,3.19,93.09,1.45,33200,17.8,7653.846154,86.38,34.67,10.2,7.6,38.7502411,12.74856385
E05000041,Village,Barking and Dagenham,27.82,36.57,33.13,2.76,123.28,1.51,31960,17.9,5166.666667,25.38,17,8.8,6.1,19.9426275,14.58498024
E05000042,Whalebone,Barking and Dagenham,24.58,27.1,22.76,2.88,99.09,1.15,37180,22.4,6656.25,29.66,35.33,7.4,4.9,41.7130117,10.37304911
E05000043,Brunswick Park,Barnet,15.27,16.77,14.51,2.82,63.74,0.59,39800,34.4,5140.625,26.69,34,6.8,4.7,69.1450888,7.345497351
E05000044,Burnt Oak,Barnet,24.44,32.37,28.76,3.58,78.41,1.09,29400,24.7,8690.47619,25.78,44.33,8.2,6.1,35.8867478,11.17667083
E05000045,Childs Hill,Barnet,20.11,23.7,17.94,4.52,119.07,1.01,38960,43.7,6483.870968,0.86,86.67,7.1,5.1,61.060876,8.843984962
E05000046,Colindale,Barnet,25.1,34.4,27.67,2.5,63.17,1.32,30170,30.8,6596.153846,32.9,30.67,6.3,4.7,37.2194761,11.7875191
E05000047,Coppetts,Barnet,19.09,23.17,19.55,2.87,108.54,0.92,38090,40.6,6407.407407,25.98,62.33,6.7,5,63.9189416,7.924606894
E05000048,East Barnet,Barnet,21.03,19.2,16.14,2.55,75.64,0.52,39870,36.5,4263.157895,46.1,20.33,6.5,4.5,47.7483845,7.312463083
E05000049,East Finchley,Barnet,16.27,20.43,19.81,2.62,77.99,1.06,41160,49.6,6420,60.79,43.67,6.7,4.7,52.8396083,6.331512652
E05000050,Edgware,Barnet,20.08,20.43,17.45,2.94,96.96,0.89,38410,36,3000,32.12,69.67,6.4,4.3,56.1006624,7.648415685
E05000051,Finchley Church End,Barnet,13.21,10.97,8.66,2.92,62.15,0.88,45030,48.6,5833.333333,49.36,64.67,5.5,3.6,64.3736218,5.86893903
E05000052,Garden Suburb,Barnet,13.4,7.8,5.36,2.69,84.65,0.69,53090,57.3,3404.255319,23.2,75.67,4.4,2.7,91.2051856,4.507897934
E05000053,Golders Green,Barnet,16.53,16.3,12.26,3.42,82.81,1.07,40800,37.4,6300,22.79,101.67,6.7,4.4,62.2444156,7.796728159
E05000054,Hale,Barnet,22.07,19.1,17.21,2.52,70.99,0.88,38590,36.5,3240.740741,16.93,50,6.8,4.6,48.2441624,7.35042735
E05000055,Hendon,Barnet,18.52,13.63,11.38,2.63,75.2,1.02,38530,41.3,6607.142857,44.51,94.67,5.8,4.1,66.2560069,8.08862504
E05000056,High Barnet,Barnet,14.49,10.67,8.27,2.73,79.04,0.41,43940,44.3,1849.39759,38.93,50,6.9,4.2,79.4704755,5.536543632
E05000057,Mill Hill,Barnet,19.11,19,15.7,2.23,78.2,0.85,41920,41.6,1968.085106,56.84,99.67,5.7,4,60.8933876,6.694515853
E05000058,Oakleigh,Barnet,14.81,17.73,14.84,3.19,70.75,0.71,41670,40.7,4803.030303,30.32,45,6.8,4.6,71.7303399,5.71873876
E05000059,Totteridge,Barnet,16.26,12.47,9.54,2.67,56.37,0.58,46150,47,1727.272727,38.89,55,6.3,4,70.4382596,5.230728894
E05000060,Underhill,Barnet,17.79,26.13,23.17,2.63,69.84,0.98,37040,31.8,3478.26087,39.61,50.33,8.2,5.5,42.6343845,8.810404182
E05000061,West Finchley,Barnet,16.2,13.57,10.15,3.75,72.12,0.85,42050,49.5,7545.454545,27.98,59,6.2,4.2,73.8290489,6.267290913
E05000062,West Hendon,Barnet,18.05,19.23,15.98,3.54,104.12,1.09,35090,34.4,5132.352941,44.96,131.33,6.7,5,54.3474891,9.001762891
E05000063,Woodhouse,Barnet,19.87,18.8,15.89,2.83,100.84,0.9,38220,41.3,6788.461538,20.23,53,7.4,5.3,65.7456611,7.355864811
E05000064,Barnehurst,Bexley,23.33,16.67,14.65,2.98,53.68,0.88,38200,20.1,3603.448276,32.93,25.33,7.3,4.5,55.4505781,5.966014038
E05000065,Belvedere,Bexley,26.92,27.4,22.84,2.44,79.05,1.27,33510,21.9,3734.375,61.23,24.67,7.6,5.2,24.9596278,9.056727154
E05000066,Blackfen and Lamorbey,Bexley,19.46,9.63,9.27,2.04,43.3,0.67,40780,19.3,6264.705882,70.99,8.67,6.4,4.2,55.9512169,4.826599928
E05000067,Blendon and Penhill,Bexley,17.62,8.33,7.44,2.04,54.66,0.67,40340,19.6,5214.285714,41.17,40.33,6.4,4.1,58.3734034,4.785850529
E05000068,Brampton,Bexley,20.06,9.47,8.22,2.53,45.44,0.62,40790,20.7,5300,10.78,22,7.2,4.4,59.3939577,4.443205057
E05000069,Christchurch,Bexley,15.15,14.73,12.82,3.4,85.21,0.96,40190,24.9,4400,24.45,49.67,7.4,4.2,69.2145078,5.463547891
E05000070,Colyers,Bexley,26.32,25.83,23.87,1.93,72.76,1.16,34450,18.1,6968.75,56.04,16.67,8,6,40.8488654,9.424834259
E05000071,Crayford,Bexley,20.06,23.97,22.57,2.05,53.31,1.12,34900,18.6,2812.5,86.35,45,7.9,5.4,31.5253655,7.518147252
E05000072,Cray Meadows,Bexley,25.57,24.7,22.61,2.03,48.63,1.12,35530,22.2,1562.5,56.47,36,8.8,6,42.1566353,7.078836656
E05000073,Danson Park,Bexley,21.65,16.67,13.95,2.9,65.98,1,38580,21.6,4037.037037,0,41.67,7.1,4.6,57.2163326,6.064313177
E05000074,East Wickham,Bexley,23.35,19.83,16.99,2.78,65.9,1.22,36260,18.8,4954.545455,43.98,23.67,8.2,5.4,46.4937966,7.194115536
E05000075,Erith,Bexley,27.25,27.83,24.62,2.47,77.5,1.35,33160,22.6,2520.833333,78.32,36,7.4,5.3,37.0254376,10.37309687
E05000076,Falconwood and Welling,Bexley,22.74,11.1,8.93,2.58,63.69,0.81,39000,19.6,6382.352941,6.16,26.33,5.9,3.6,56.2500381,6.139154161
E05000077,Lesnes Abbey,Bexley,22.78,22.03,18.89,2.76,86.56,1.04,35630,22.5,4750,44.87,9,8.5,5.5,47.296627,8.577517315
E05000078,Longlands,Bexley,18.04,11.77,9.13,2.59,47.37,0.7,40880,27.1,4038.461538,54.87,21.33,9.2,5,61.2557479,5.80897412
E05000079,North End,Bexley,24.79,34.93,32.04,2.39,100.27,1.55,29930,19.5,2035.087719,47.43,14,8.3,5.7,21.2717021,13.0733519
E05000080,Northumberland Heath,Bexley,23.33,18.73,16.52,2.12,61.85,0.93,37130,17.8,5916.666667,85.06,23.33,7.1,4.5,49.5106416,6.459243086
E05000081,St Mary's,Bexley,14.42,7.53,6.43,2.62,52.56,0.4,44010,27,2386.363636,71.86,38.67,6.3,3.9,75.5537265,4.613953488
E05000082,St Michael's,Bexley,23.15,13.2,11.74,2.03,48.69,0.76,38510,19.1,7964.285714,34.14,6.33,6.3,4.1,51.149236,5.982036943
E05000083,Sidcup,Bexley,18.64,11,8.29,3.05,51.09,0.7,41220,27.2,4037.037037,45.87,30.33,7.3,4.7,69.1589756,5.420726306
E05000084,Thamesmead East,Bexley,26.16,29.17,24.91,2.55,80.17,1.22,32100,28.2,2531.25,73.17,13.67,5.8,4.7,40.5000853,14.86327797
E05000085,Alperton,Brent,18.18,17.33,15.8,2.96,89.7,1.01,31250,26.2,6690.47619,56.59,38.33,5.9,4.4,39.3803064,8.956014838
E05000086,Barnhill,Brent,26.75,27.6,22.38,2.96,88.61,0.96,34630,34.7,5283.333333,15.14,50.67,7.4,5.7,44.2105539,10.33196089
E05000087,Brondesbury Park,Brent,21.21,22.7,18.86,3.97,118.96,0.91,40020,45,7676.470588,3.76,33.33,7.6,5.9,36.4558405,7.775524003
E05000088,Dollis Hill,Brent,22.27,34.13,32.14,2.79,72.39,1.07,30990,25.1,5847.826087,0.29,47.33,7.4,5.4,32.9056438,11.42156863
E05000089,Dudden Hill,Brent,24.32,33.17,30.68,3.45,122.17,1.05,33470,31.7,8882.352941,32.76,50.67,6.5,5.2,40.2615455,10.63561989
E05000090,Fryent,Brent,17.85,19.57,16.56,2.79,84.38,0.67,35590,29,5000,43.65,46.33,6.4,4.9,53.0000888,9.124194493
E05000091,Harlesden,Brent,27.96,40.17,36.44,3.8,156.73,1.31,27030,21.4,15636.36364,18.38,42.67,7.6,6.5,11.0174023,15.57659208
E05000092,Kensal Green,Brent,25.93,28.7,27.01,4.06,140.98,1.04,34640,33.8,13590.90909,8.63,44.33,6.6,5.8,18.3117752,10.43540842
E05000093,Kenton,Brent,19.49,12,10.07,2.63,76.11,0.52,42190,39.8,5282.608696,23.86,47.33,7.6,4.7,73.4632628,7.67299545
E05000094,Kilburn,Brent,28.01,34.6,32.1,5.46,137.7,1.05,34270,39.9,18944.44444,54.56,52,7.3,6.3,23.7067555,10.92901772
E05000095,Mapesbury,Brent,20.99,28.07,24.64,4.54,118.95,0.96,36830,43.7,11107.14286,30.95,56.67,5.8,4.9,36.3915814,8.697528866
E05000096,Northwick Park,Brent,20.98,15.03,13.16,2.79,62.97,0.64,41100,40.3,4759.259259,20.65,40,6.1,4,65.9489011,8.803841676
E05000097,Preston,Brent,23.28,24.17,19.47,3.15,86.34,1.19,35960,35.4,6479.166667,0,32,6.9,4.7,47.7248611,8.869631706
E05000098,Queens Park,Brent,19.87,18.07,17.55,5.03,118.16,0.95,42880,48.2,10233.33333,28.6,37.67,5.5,4.4,46.8349567,6.765783236
E05000099,Queensbury,Brent,20.72,21.27,19.43,3.01,95.65,0.66,35110,30.8,7600,39.21,37.67,7.3,5.5,54.1865286,8.236658933
E05000100,Stonebridge,Brent,26.29,43.7,40,3,83.88,1.41,25800,20.5,4134.146341,44.02,79.67,8.4,6.9,14.2470566,17.24475524
E05000101,Sudbury,Brent,25.48,20.73,17.28,3.33,89.74,0.99,33530,32.3,7142.857143,21.42,29.33,7,5.3,54.1404485,9.245960503
E05000102,Tokyngton,Brent,25.37,22.83,18.06,3.28,84.83,1.09,33130,31.9,5410.714286,52.8,47,7.2,5.1,33.420523,9.807549963
E05000103,Welsh Harp,Brent,27.19,27.33,24.12,2.76,97.92,1.03,31620,24.7,6000,24.07,48.33,7.7,5.6,38.3077435,10.88277858
E05000104,Wembley Central,Brent,21.07,21.67,19.49,4.74,139.84,1.02,31040,29,9218.75,51.47,52.67,7.3,5.3,46.8361526,10.31956549
E05000105,Willesden Green,Brent,24.71,33.8,30.53,4.61,132.91,1.14,31390,33.3,10433.33333,40.5,52.33,6.4,4.9,23.5033424,10.41831097
E05000106,Bickley,Bromley,11.75,8.13,6.51,2.25,53.48,0.54,47190,40.7,3091.836735,36.17,29,7.3,4,82.0709713,4.414461619
E05000107,Biggin Hill,Bromley,15.97,12.43,10.36,1.75,67.35,0.65,40930,23,1204.819277,48.15,16.33,5,3.4,51.0773199,4.790847336
E05000108,Bromley Common and Keston,Bromley,16.56,17.9,15.48,2.3,59.03,0.76,40510,28.3,1825.301205,52.96,63,6.9,4.4,64.7398644,6.635257165
E05000109,Bromley Town,Bromley,13,12.57,11.71,3.75,87.78,0.69,43460,41,4567.567568,33.62,84.33,5.3,3.4,74.5313295,5.517313308
E05000110,Chelsfield and Pratts Bottom,Bromley,15.08,7.07,6.59,1.94,49.24,0.54,44850,33.2,1154.761905,67.54,26,5.3,3.1,74.7033137,4.289296555
E05000111,Chislehurst,Bromley,13.99,9.93,8.26,2.16,84.63,0.81,46250,38,1432.692308,35.93,53,7.3,4,64.6631396,4.493009366
E05000112,Clock House,Bromley,18.01,13.13,12.47,3.98,75.45,0.77,41650,38.3,6782.608696,28.91,42.33,5.4,3.8,57.6287429,6.225077537
E05000113,Copers Cope,Bromley,12.82,18.13,16,3.1,94.82,1.09,43170,45,4681.818182,29.79,56.67,5.8,3.5,48.8318703,5.00323485
E05000114,Cray Valley East,Bromley,23.44,34.07,29.92,2.22,103.75,1.47,32230,19.6,1165.413534,70.23,42.33,8,5.7,32.87658,8.654360621
E05000115,Cray Valley West,Bromley,19.55,32.83,28.95,2.35,96.38,1.34,31740,18.7,4320.512821,62.76,49.33,9.3,6.3,32.7914879,8.896252868
E05000116,Crystal Palace,Bromley,25.81,34.43,30.5,4.36,147.29,1.72,34060,38.1,5347.826087,20.89,39.67,7.5,5.3,27.790407,10.4299702
E05000117,Darwin,Bromley,16.42,10.67,8.93,1.28,62.35,1.05,42810,26.9,177.5862069,62.74,26.33,6.7,3.5,66.9183908,4.196078431
E05000118,Farnborough and Crofton,Bromley,13.72,9.43,8.67,2.26,42.34,0.61,44590,31,2100,59.26,32,6.5,3.7,81.7232506,4.673030346
E05000119,Hayes and Coney Hall,Bromley,12.05,6.5,6.7,2.29,48.41,0.45,45660,31.8,1476.851852,44.74,33.33,5.4,3.1,73.4955873,4.787428432
E05000120,Kelsey and Eden Park,Bromley,16.81,9.23,8.45,2.64,83.03,0.39,44700,33.8,3067.307692,15.16,49.33,6.4,3.6,64.367218,4.79477382
E05000121,Mottingham and Chislehurst North,Bromley,22.85,33.23,31.97,2.53,137.72,1.95,32330,22.1,4187.5,54.81,19.67,8.9,5.9,35.1984206,9.593794652
E05000122,Orpington,Bromley,19.25,23.67,20.14,2.73,81.63,0.82,38090,27.1,3581.395349,60.76,39.33,7.6,4.5,62.2839793,7.055007433
E05000123,Penge and Cator,Bromley,21.83,28.33,25.21,4.01,113.71,1.41,36090,36.5,5800,29.41,46.33,6.7,4.8,36.2919256,9.795367196
E05000124,Petts Wood and Knoll,Bromley,11.11,5.6,4.95,2.42,51.52,0.47,48530,36,3186.046512,30.06,20.67,5.1,3.1,83.2584982,3.97885773
E05000125,Plaistow and Sundridge,Bromley,15.47,18.97,17.72,2.84,79.34,1.07,39460,34.1,3800,49.48,23.67,7.4,4.8,56.1520474,6.842498134
E05000126,Shortlands,Bromley,12.45,5.67,4.92,2.48,44.4,0.28,48020,43.3,3940,14.23,17.33,5.5,2.9,81.1264106,4.544552491
E05000127,West Wickham,Bromley,12.77,5.07,4.31,2.15,49.16,0.31,46210,32.5,3397.727273,23.65,36,5.7,3.1,71.9041513,4.116706635
E05000128,Belsize,Camden,20.5,23.03,19.25,4.09,85.72,0.89,52680,62.2,15875,25.81,16.33,5.3,3.9,42.6592416,5.600649351
E05000129,Bloomsbury,Camden,22.22,24.87,13.46,7.92,72.21,0.94,40340,46.5,10800,68.8,93.67,5.5,4.6,37.9734741,9.803554724
E05000130,Camden Town with Primrose Hill,Camden,16.19,31.87,30.52,5.82,238.58,0.88,45840,53.9,10541.66667,72.65,89.33,7,5.6,45.1381635,6.913272375
E05000131,Cantelowes,Camden,19.92,34.77,31.88,4.88,125.38,0.99,39060,48.1,14875,84.48,51.33,7.6,6.4,30.6439033,8.858024691
E05000132,Fortune Green,Camden,20.36,24.6,22.2,4.51,99.05,1.04,46800,57.8,11750,0.39,21.67,5.8,4.5,20.0148889,6.403194712
E05000133,Frognal and Fitzjohns,Camden,12.99,8.93,5.71,4.52,67.4,1.17,60310,61.4,7966.666667,44.22,23,4.2,2.6,36.6313187,5.01020889
E05000134,Gospel Oak,Camden,23.47,36,31.6,4,84.74,1.15,39990,45.6,16071.42857,87.1,9.33,9.6,8,28.2768311,9.144748302
E05000135,Hampstead Town,Camden,10.26,7,5.54,4.07,70.45,0.88,62840,68.3,4520,53.68,30,5.2,3.4,36.2082836,3.984997656
E05000136,Haverstock,Camden,29.02,42.6,41.31,4.91,132.2,1.25,35730,43.1,17642.85714,72.21,26.33,9.2,7.4,10.7276203,10.47696039
E05000137,Highgate,Camden,15,24.83,22.52,3.87,100.26,1.03,47840,55.8,3421.875,53.13,21.67,7.4,6,28.5585016,7.15010142
E05000138,Holborn and Covent Garden,Camden,19.31,35.63,33.75,7.87,59.35,0.97,40180,46.2,10833.33333,67.05,161.33,7.3,6.3,23.3335534,8.660638598
E05000139,Kentish Town,Camden,23.61,33.67,30.99,5.48,102.48,0.89,41230,54.6,13400,64.71,54,7.1,5.5,39.7195009,6.602931804
E05000140,Kilburn,Camden,24.91,43.23,43.46,5.65,161.54,0.99,34730,43.8,17214.28571,56.37,18,9.4,7.7,23.1084589,9.763222632
E05000141,King's Cross,Camden,23.77,39.9,25.88,7.67,83.57,1.2,32890,39.7,19583.33333,95.89,63.33,6.2,5.2,14.4569372,13.45583877
E05000142,Regent's Park,Camden,27.55,36.33,33.48,6.61,59.71,1.09,34260,36.1,10384.61538,47.51,93.33,7.6,6.2,28.9501527,10.69391635
E05000143,St Pancras and Somers Town,Camden,23.26,46.03,42.03,6.41,62.56,0.91,30500,29.5,9857.142857,83.49,59,9.7,8.2,27.2410276,12.69001983
E05000144,Swiss Cottage,Camden,22.22,25.43,21.53,6.16,102.15,1.02,50340,60.4,9923.076923,21.39,33.67,5.6,3.8,28.0922469,5.561613959
E05000145,West Hampstead,Camden,19.12,30.9,29.63,5.87,116.91,1.09,46290,60.6,13388.88889,18.08,27,6.6,5.2,43.3718006,6.161437247
E05000146,Addiscombe,Croydon,19.09,23.73,20.41,4.45,90.67,1.21,38070,38,10593.75,0,34.67,6.4,4.8,49.403591,8.072337846
E05000147,Ashburton,Croydon,25.55,23.77,20.12,2.75,82.52,1.16,38600,27.3,5481.481481,3.58,36.67,6.6,4.4,45.5120728,8.006258965
E05000148,Bensham Manor,Croydon,23.14,26.43,22.54,3.36,105.76,1.4,33530,29.4,11607.14286,2.81,34.67,6.4,4.7,40.8081758,11.00273582
E05000149,Broad Green,Croydon,27.36,30.6,24.47,4.54,158.46,1.6,31000,26.9,6925.925926,11.5,102.67,6.7,5.2,34.7257447,12.00985644
E05000150,Coulsdon East,Croydon,14.79,14.93,13.22,1.74,51.24,0.78,42660,30.3,1597.402597,33.19,27.33,7.1,4.3,60.3383586,6.419029
E05000151,Coulsdon West,Croydon,18.09,10.2,8.59,2.43,57.91,0.55,46610,34.9,2700,2.29,54.67,6.1,3.8,80.1773437,5.666389582
E05000152,Croham,Croydon,19.86,17.27,13.16,3.24,89.11,1.13,42260,42.1,4528.571429,8.19,50.67,5.7,3.5,61.1591669,7.030577089
E05000153,Fairfield,Croydon,23.19,23.17,16.2,5.81,133.69,1.35,39130,45.9,4381.578947,21.41,120.33,6.3,4.1,50.5726596,8.075186391
E05000154,Fieldway,Croydon,26.68,40.83,35.61,3.14,90,2.34,26720,12.5,7666.666667,47.29,11.33,8.9,6.5,15.0526216,15.57187828
E05000155,Heathfield,Croydon,14.6,20.97,18.47,2.28,114.35,1.28,39770,29.3,1522.988506,18.72,56.33,6.5,4.1,46.9172754,6.394692264
E05000156,Kenley,Croydon,15.4,14.27,12.69,1.86,53.73,1.05,44160,36.1,2315.384615,35.58,28,6,3.7,53.8350002,6.603063018
E05000157,New Addington,Croydon,26.93,35.77,31.6,2.97,98.67,2.29,28770,12.8,4520.833333,17.07,17.67,9.5,6.2,30.065564,11.66263115
E05000158,Norbury,Croydon,26.43,21.6,19.35,2.91,91.79,1.2,36810,34.1,6620,14.25,60.67,7.2,4.6,46.262127,9.111321201
E05000159,Purley,Croydon,18.25,14.67,12.52,2.77,89.18,0.91,44600,40.5,3488.095238,14.23,58.33,6.1,3.8,71.9462154,5.678884874
E05000160,Sanderstead,Croydon,15.92,8.47,7.88,1.58,48.84,0.55,47030,35,2039.68254,28.78,23.67,5.6,3.7,66.587223,5.617805065
E05000161,Selhurst,Croydon,24.67,33.17,26.86,4.23,136.23,1.67,31220,28.4,7891.304348,18.91,57.67,8.1,5.9,33.995058,12.29616571
E05000162,Selsdon and Ballards,Croydon,18.15,8.47,7.88,1.98,50.58,0.57,45320,32,1835.9375,6.89,25.67,5.5,3.4,64.3064696,4.466111024
E05000163,Shirley,Croydon,18.8,22.33,19.63,1.94,60.09,1.07,39500,27.1,5125,3.46,21,6.8,4.3,44.6355376,7.605244997
E05000164,South Norwood,Croydon,23.45,29.87,26.14,3.92,121.86,1.4,34430,35,6916.666667,8.77,40.67,6.8,4.8,50.1591385,11.68586619
E05000165,Thornton Heath,Croydon,26.04,28.03,23.7,3.07,120.28,1.39,33720,28.3,9764.705882,21.15,48.33,6.4,4.7,41.1759207,12.68683065
E05000166,Upper Norwood,Croydon,24.84,24.13,22.42,2.9,106.44,1.28,37430,35.2,6211.538462,39.41,42.67,6.6,4.5,37.1022688,9.759481961
E05000167,Waddon,Croydon,20.65,28.93,25.19,3.65,83.96,1.51,34630,30.1,4763.888889,17.99,109.33,7.9,5.1,46.2561905,8.939173294
E05000168,West Thornton,Croydon,27.8,27.5,21.99,3.05,121.92,1.5,32400,27.3,8775,30.79,76.67,6.4,5.1,40.8793912,11.39002933
E05000169,Woodside,Croydon,23.37,30.37,27.49,3.39,111.99,1.37,33890,29,7636.363636,33.65,27.67,6.1,4.6,48.2514741,11.78033658
E05000170,Acton Central,Ealing,19,29.17,25.69,3.27,143.31,0.94,36500,40.4,8583.333333,19.12,25.67,6.8,5.3,49.7893534,8.133174792
E05000171,Cleveland,Ealing,18.83,25.97,23.68,2.86,84.73,0.65,41730,46.2,6636.363636,45.05,28.33,6.4,4.8,58.0110323,7.941017316
E05000172,Dormers Wells,Ealing,24.39,28.3,27.09,3.23,101.84,0.67,29350,24.4,6065.217391,52.57,29.33,8.4,6.3,34.6396765,12.05968313
E05000173,Ealing Broadway,Ealing,14.79,14.13,11.01,4.6,126,0.73,45540,57.7,7394.736842,33.54,47.67,5.9,4,63.2151812,6.033360937
E05000174,Ealing Common,Ealing,19.7,21.73,19.35,3.42,117.86,0.89,43600,52.6,6690.47619,23.72,55,5.8,4.3,36.2847689,7.016090866
E05000175,East Acton,Ealing,23.67,36.57,32.81,4.1,92.39,1.08,32930,38.3,4360.465116,53.44,99.33,6.2,5.1,33.8420717,9.33025848
E05000176,Elthorne,Ealing,22.03,23.97,22.36,3.61,117.4,0.83,38970,40.6,7300,79.81,38.33,6.3,4.7,44.7832892,7.865168539
E05000177,Greenford Broadway,Ealing,23.76,29.9,28.29,3.19,125.77,0.92,30500,25.8,7080,56.75,72,7.6,5.5,30.9428054,10.60968661
E05000178,Greenford Green,Ealing,22.88,18,15.43,2.69,78.65,0.61,35420,30.2,4235.294118,32.56,52.33,5.9,4.5,51.3741998,7.829776292
E05000179,Hanger Hill,Ealing,17.28,15.37,11.63,3.7,74.9,0.7,44760,50.8,4727.272727,26.88,83,5.4,3.5,64.0314187,6.40569395
E05000180,Hobbayne,Ealing,20.91,22.63,21.09,3,88.03,0.71,36220,33.3,6477.272727,49.94,22.67,7,5.2,51.047455,7.981601732
E05000181,Lady Margaret,Ealing,21.19,19.53,18.59,2.86,90.37,0.73,32520,25.4,9300,21.17,23,7.8,5,38.904276,9.834699264
E05000182,Northfield,Ealing,13.53,8.73,8.37,3.32,76.27,0.35,48480,54.8,9033.333333,37.34,21,4.4,3.3,71.300836,4.715447154
E05000183,North Greenford,Ealing,23.99,17.07,16.27,2.7,85.47,0.77,36480,30.1,4609.375,67.22,21,5.7,4.1,52.2242126,7.693263734
E05000184,Northolt Mandeville,Ealing,23.84,31.27,28.25,3.01,110.1,0.89,31950,25.7,5428.571429,52.47,68.67,6.5,4.7,33.8344111,9.634595163
E05000185,Northolt West End,Ealing,20,33.47,31.25,2.41,134.39,0.97,28550,21.7,4328.571429,72.78,69.67,7.9,5.9,35.3113199,12.95540864
E05000186,Norwood Green,Ealing,22.51,30,30.1,2.19,92.55,1,29020,26.7,3697.368421,88.94,51,10.8,7.2,40.4106403,14.68499773
E05000187,Perivale,Ealing,23.8,16.83,15.28,2.26,92.02,0.8,36040,30.8,4529.411765,52.56,48.67,6,4.3,50.0792874,7.617678764
E05000188,South Acton,Ealing,27.3,33.37,30.9,4.67,109.68,0.79,34300,39.4,8764.705882,48.36,49.33,8.1,6.8,42.6319649,9.567546881
E05000189,Southall Broadway,Ealing,23.6,22.83,21.33,3.29,162.98,0.73,27930,21.9,8406.25,40.65,81,8.8,7,36.4951614,12.81037482
E05000190,Southall Green,Ealing,24.4,29.43,26.01,3,116.62,1.01,27150,21.6,9125,45.94,29,7.8,6,42.699629,13.66389632
E05000191,Southfield,Ealing,16.17,13.1,14.13,3.41,96.71,0.77,50170,57.8,9642.857143,2.43,17.67,4.7,3.7,46.0098083,4.884601294
E05000192,Walpole,Ealing,15.59,10.97,11.08,3.73,107.53,0.49,46240,53.7,8900,57.08,37,5.2,3.6,76.3810531,5.631506334
E05000193,Bowes,Enfield,20.19,26.4,23.75,3.75,88.35,1.15,36300,36.3,9400,70.08,46.67,6.8,5.4,39.4144542,8.902513795
E05000194,Bush Hill Park,Enfield,23.22,17.13,15.01,2.72,70.53,0.9,41800,32.6,5600,58.14,40.67,7.1,4.6,61.6046488,6.694903675
E05000195,Chase,Enfield,22.95,29.8,25.68,1.87,66.97,1.18,36350,28.1,819.5266272,61.52,85.67,8,5.8,33.4164436,9.107753706
E05000196,Cockfosters,Enfield,20.24,17.5,14.43,2.51,59.36,0.81,43570,35,1331.730769,54.18,36.67,7.5,4.7,57.1974232,7.949479941
E05000197,Edmonton Green,Enfield,30.94,42.67,38.45,3.99,112.02,1.91,26010,19.5,5822.580645,83.65,87.67,7.9,6.8,27.2417253,16.99441935
E05000198,Enfield Highway,Enfield,24.96,40.67,35.75,2.48,78.76,1.58,29450,18.6,3500,57.73,37,7.4,5.9,22.1131338,13.42189013
E05000199,Enfield Lock,Enfield,28.02,43.47,39.27,2.56,74.2,1.97,30240,23.5,5015.151515,56.8,26,6.7,5.5,24.9022065,13.56194405
E05000200,Grange,Enfield,13.24,11.7,9.81,3.04,77.07,0.59,45960,39.1,3878.787879,34.91,34,6.2,4.1,76.0327239,5.582996557
E05000201,Haselbury,Enfield,26.07,39.47,33.92,3.05,87.01,1.91,29600,21.4,9083.333333,75.65,47.33,7.1,6.3,31.1851193,13.25219743
E05000202,Highlands,Enfield,18.83,17.13,14.25,2.55,39.43,0.72,43540,35.1,2558.823529,48.17,16.33,7.5,4.6,62.768634,6.076210093
E05000203,Jubilee,Enfield,24.08,36.3,31.83,2.46,79.9,1.43,30800,20.9,3705.128205,33.65,43,8,6.5,33.4764184,11.4410612
E05000204,Lower Edmonton,Enfield,29.48,41.83,38.26,3.4,80.5,1.85,28110,20,7545.454545,28.13,42.67,7.8,6.4,22.7518985,13.804151
E05000205,Palmers Green,Enfield,23.66,22.03,18.68,2.46,97.62,1.16,37970,33.5,8026.315789,29.15,67.33,7.4,5.5,45.6894111,8.601485149
E05000206,Ponders End,Enfield,30.02,40.33,34.57,3.24,90.86,1.47,28560,21,4500,41.08,57.67,7.2,5.9,30.2526058,13.98919534
E05000207,Southbury,Enfield,23.09,36.1,31.74,3.08,87.54,1.41,33260,25.4,5034.482759,59.84,73.33,6.9,5.1,25.2761983,11.02173299
E05000208,Southgate,Enfield,16.49,20.87,16.69,3.07,59.41,0.66,41520,41.2,5370.37037,16.04,35.33,7,4.7,69.2695783,7.904316173
E05000209,Southgate Green,Enfield,22.25,18.4,15.28,3.77,82.35,0.87,42750,40,5326.923077,66.54,65.67,7.1,4.7,61.9330746,7.16747071
E05000210,Town,Enfield,20.09,16.1,14.3,2.53,53.89,0.63,42300,33,6818.181818,39.66,30,6.3,4.1,48.5663426,6.369032896
E05000211,Turkey Street,Enfield,27.08,42.5,39.2,2.48,102.63,1.88,28960,17.9,6282.608696,69.19,57.67,8.6,6.2,18.0951402,13.40110906
E05000212,Upper Edmonton,Enfield,28.5,38.77,33.94,3.18,112.48,1.68,28480,21.5,6462.962963,78.36,108,7.4,6.4,27.1241102,13.97491682
E05000213,Winchmore Hill,Enfield,19.72,11.73,9.83,2.73,68.12,0.61,45880,42.9,4821.428571,48.18,26,6.3,4,74.3728801,5.962867597
E05000214,Abbey Wood,Greenwich,29.5,34.73,29.86,3.06,99.86,1.71,31540,24.2,5833.333333,99.18,33,8.6,6.3,20.6512083,13.00121507
E05000215,Blackheath Westcombe,Greenwich,23.3,13.6,12.41,3.41,102.8,1.33,49160,57.5,6166.666667,61.35,35,6.9,4.4,71.5123677,5.653950954
E05000216,Charlton,Greenwich,27.34,29.13,25.88,3.71,88.75,1.58,37940,37.2,7225,74.4,24.33,8.4,6.1,34.8907392,10.28663274
E05000217,Coldharbour and New Eltham,Greenwich,22.66,20.37,18.12,2.8,77.73,1.16,38390,23.4,5240,69.89,41,9.1,5.8,46.220427,7.542908762
E05000218,Eltham North,Greenwich,14.37,12.2,10.83,2.86,83.19,0.89,43120,31.8,4826.923077,69.13,24.67,7.6,4.9,72.3450663,6.234115712
E05000219,Eltham South,Greenwich,25.37,26.67,21.88,3.22,98.66,1.47,37120,25.1,2739.130435,92.68,61,7.6,4.9,50.3991419,9.37847719
E05000220,Eltham West,Greenwich,20.6,30.83,29.96,2.95,94.75,2.07,34250,21.2,4354.166667,97.91,56,10.1,7.3,20.372735,11.2749004
E05000221,Glyndon,Greenwich,24.28,33.7,28.93,3.8,85.17,1.74,31690,28.6,10735.29412,77.84,45.33,7.6,5.7,26.3528092,14.57759898
E05000222,Greenwich West,Greenwich,25.9,29.5,24.07,4.29,128.95,1.64,42270,49.9,5928.571429,93.77,79,5.2,3.9,38.1196871,9.212325166
E05000223,Kidbrooke with Hornfair,Greenwich,24.31,28.17,25.93,2.56,102.04,1.82,35740,30.8,5979.166667,58.1,40,9,6.3,28.0960598,9.319385953
E05000224,Middle Park and Sutcliffe,Greenwich,24.07,32.33,28.13,2.38,91.11,2.12,35340,29.6,4106.060606,95.74,55,9.1,6.4,29.5524504,10.21447308
E05000225,Peninsula,Greenwich,19.4,28.17,22.03,4.1,143.93,1.68,41840,49.5,3133.333333,79.47,106.33,6.5,4.7,34.8413093,7.209847597
E05000226,Plumstead,Greenwich,27.32,27.9,24.62,3.44,105.63,1.62,32390,25.2,7000,70.8,36,7,5.2,30.1158137,13.93500117
E05000227,Shooters Hill,Greenwich,23.02,19.43,16.31,2.4,71.14,1.21,39030,31.3,3552.631579,73.43,22.33,6.9,4.8,55.9787808,9.520441364
E05000228,Thamesmead Moorings,Greenwich,28.42,31.3,26.4,2.57,89.57,1.47,34450,32.4,4125,88.51,37.67,5.8,4.6,32.6811817,13.36171096
E05000229,Woolwich Common,Greenwich,23.53,35.13,29.78,4.1,89.29,1.61,30260,26.7,6750,95.18,62.67,6.8,5.3,31.8059717,15.40721589
E05000230,Woolwich Riverside,Greenwich,26.59,36.87,32.17,4.24,108.83,2.03,33540,35.2,6000,93.12,81.67,6.8,5.4,23.4049762,13.36032389
E05000231,Brownswood,Hackney,30.74,34.93,34.17,5.83,136.75,1.16,40070,51.7,13937.5,99.57,59.33,6.6,5.7,30.209132,7.606812933
E05000232,Cazenove,Hackney,20.64,23.27,17.97,4.79,71.76,0.83,38130,35.6,19214.28571,98.93,25.33,5.5,4.8,26.0175093,10.3894105
E05000233,Chatham,Hackney,26,40.77,39.22,5.8,125,0.98,32510,37.6,14777.77778,88.92,57.33,7.5,6.5,24.8711651,14.79323575
E05000234,Clissold,Hackney,18.92,24.57,21.13,3.71,111.84,0.69,45450,53.5,17500,89.1,17.33,6.2,5.8,45.562727,7.796101949
E05000235,Dalston,Hackney,25.13,38.5,36.45,5.55,206.18,1.2,38230,48.6,16444.44444,100,84.67,6.8,5.5,35.1646398,10.53443526
E05000236,De Beauvoir,Hackney,29.08,38.37,34.37,4.63,126.98,1.08,39060,49.8,15222.22222,90.16,54.67,6.3,5.5,35.8913039,9.357005758
E05000237,Hackney Central,Hackney,26.51,38.53,35.39,6.73,118.11,1.12,35260,42,15750,98.51,59.33,8.2,6.9,45.524303,12.83289637
E05000238,Hackney Downs,Hackney,25.39,34.83,34.23,5.27,115.86,1.2,35700,42.2,13000,99.79,44.67,8.1,6.8,31.8174625,12.66509106
E05000239,Haggerston,Hackney,28.85,42.9,39.81,5.16,124.31,1.04,36080,45.8,11625,92.95,120,6.8,6,23.5497818,10.65830721
E05000240,Hoxton,Hackney,27.12,43.9,39.1,5.55,82.9,1.29,34970,41.7,19000,99.22,39.33,7,6,28.2737951,12.33773828
E05000241,King's Park,Hackney,28.25,42.33,38.64,3.05,96.58,1.04,31970,30.6,6194.444444,90.8,8.33,9.1,7.9,28.0074507,16.09968354
E05000242,Leabridge,Hackney,23.49,34.97,32.55,4.29,111.15,1.09,35110,41.5,12818.18182,44.28,27.33,7.6,6.7,24.088039,12.94346979
E05000243,Lordship,Hackney,21.4,23.93,18.97,3.69,75.95,0.96,39940,40.4,10250,72.61,37.67,7.2,5.6,34.1728515,8.913308913
E05000244,New River,Hackney,26.38,24.07,18.5,4.99,87.39,1.16,35590,26.6,12600,82.69,60,7.4,6.2,38.2793315,12.9513633
E05000245,Queensbridge,Hackney,24.87,38.87,34.72,4.09,161.88,1.21,36720,44.6,12454.54545,95.31,43,8.2,7,25.8159363,10.92770313
E05000246,Springfield,Hackney,25.16,27.7,22.64,3.11,74.16,1.07,33570,21.9,12400,73.82,20.33,7.6,6.4,43.5824118,15.10060153
E05000247,Stoke Newington Central,Hackney,22.3,26.07,25.99,5.15,149.79,0.92,42400,52.4,17857.14286,97.12,56.33,6.7,5.8,39.8955256,8.438546766
E05000248,Victoria,Hackney,25.39,36.77,35.35,4.68,150.48,1.14,37350,41.8,16625,87.68,24.33,7.6,6.4,37.6329427,12.0888272
E05000249,Wick,Hackney,29.89,43.93,42.57,3.99,120.96,1.28,32890,34.4,7375,95.5,50.67,9.4,7,19.4988634,14.71139111
E05000250,Addison,Hammersmith and Fulham,23.84,22.73,21.1,6.38,138.83,1.08,43970,57.4,19166.66667,45.78,36,5.5,4.2,50.0744118,6.26925653
E05000251,Askew,Hammersmith and Fulham,23.49,31.7,26.59,3.55,120.88,1.26,38450,45.1,17687.5,10.61,41.67,6.5,5.4,49.0725398,8.964143426
E05000252,Avonmore and Brook Green,Hammersmith and Fulham,23.53,21.47,19.2,5.86,67.26,1.11,43350,54.5,13555.55556,31.18,37.67,5.6,4.5,53.4618833,7.317740391
E05000253,College Park and Old Oak,Hammersmith and Fulham,23,44.47,41.16,4.63,60.51,1.65,30890,31.9,2691.176471,26.22,58.33,8.2,6.2,33.4115592,11.66062673
E05000254,Fulham Broadway,Hammersmith and Fulham,20.81,29.1,27.58,5,143.94,1.2,42130,47.7,15714.28571,12.41,24.67,7.2,5.7,47.2454197,7.269450285
E05000255,Fulham Reach,Hammersmith and Fulham,24.47,27.07,26.23,3.79,78.23,1.15,42010,51.6,12500,75.32,40,5.8,4.6,60.1360056,6.096318929
E05000256,Hammersmith Broadway,Hammersmith and Fulham,21.61,30.27,28.18,6,104.64,1.28,39500,45.3,10818.18182,30.85,77,8,6.2,38.0677268,8.472849032
E05000257,Munster,Hammersmith and Fulham,18.33,14.17,14.24,3.72,106.87,1.28,50240,56.9,18333.33333,40.16,14.33,4.9,3.6,54.7530377,5.049047894
E05000258,North End,Hammersmith and Fulham,26.46,35.67,34.12,5.26,107.11,1.49,39510,52.6,19333.33333,33.47,33.67,5.7,4.5,48.5591331,7.604766368
E05000259,Palace Riverside,Hammersmith and Fulham,10.53,8.23,7.96,3.86,94.4,0.74,53330,56.2,5000,75.15,28,5.1,3.7,75.6128303,4.182133135
E05000260,Parsons Green and Walham,Hammersmith and Fulham,26.97,13.3,13.32,4.73,121.71,1.58,55720,56.4,12000,4.81,68.33,4.6,3.4,44.9226881,5.638977636
E05000261,Ravenscourt Park,Hammersmith and Fulham,16.44,24.1,24.02,4.18,126.76,1.16,45510,55.1,9000,7.48,50.33,6.9,4.9,54.7847836,6.808926535
E05000262,Sands End,Hammersmith and Fulham,26.53,31.77,28.36,3.05,73.25,1.49,44170,47.6,9107.142857,31.63,33.33,5.7,4.4,44.9016112,7.297447281
E05000263,Shepherd's Bush Green,Hammersmith and Fulham,20.99,32.33,33.43,5.59,173.59,1.07,36430,46.5,11090.90909,26.11,84.67,7.2,5.8,52.8310501,9.18662806
E05000264,Town,Hammersmith and Fulham,24.31,24.03,20.04,4.84,124.53,1.27,47940,57.9,16000,10.98,41,4.9,3.7,49.137067,6.344283096
E05000265,Wormholt and White City,Hammersmith and Fulham,28.18,43.3,42.59,3.09,111.06,1.4,31860,32,14888.88889,10.73,30,8.3,6.5,45.3145294,12.15787086
E05000266,Alexandra,Haringey,10.32,10.23,8.21,3.01,111.29,0.84,51450,58.5,4557.692308,27.91,7.67,4.4,3.6,71.3008586,5.568685377
E05000267,Bounds Green,Haringey,22.6,31.4,27.4,4.73,111.89,1.52,34550,37.3,9821.428571,94.43,49,6.8,5.5,30.6641137,10.40537051
E05000268,Bruce Grove,Haringey,27.92,34.8,34.87,4.36,117.24,1.71,30340,27.6,16111.11111,62.77,55,7.5,6.4,18.1511223,12.67546908
E05000269,Crouch End,Haringey,9.76,9.1,8.1,3.29,112.74,0.75,52070,67,8892.857143,73.41,28.67,3.8,3,63.5032825,5.01409832
E05000270,Fortis Green,Haringey,10.87,12.5,11.58,3.09,84.86,0.89,49950,58.4,6275,41.75,32,5,3.5,70.847307,5.829660173
E05000271,Harringay,Haringey,28.75,27.13,28.49,4.73,129.49,1.38,37150,46.6,8312.5,79.1,84.67,5.9,5.3,35.9733825,8.390410959
E05000272,Highgate,Haringey,17.42,10.8,10.02,3.55,93.29,1.22,53710,65.7,4660,90.99,40,4.6,3.4,40.7538333,4.62594372
E05000273,Hornsey,Haringey,17.7,28.8,28.16,3.03,91.21,1.15,40260,51.5,11545.45455,58.77,29,6.6,5.7,30.7576898,9.302325581
E05000274,Muswell Hill,Haringey,8.75,8.73,7.46,3.18,103.07,0.86,53910,62.8,6352.941176,77.32,29.67,4.8,3.3,71.0255209,5.111624326
E05000275,Noel Park,Haringey,29.81,40.5,35.95,5.88,204.63,1.9,30620,33.8,11625,53.37,98.67,8.7,7.4,18.1998065,11.94780481
E05000276,Northumberland Park,Haringey,30.15,44.33,40.26,3.91,113.98,1.53,25090,20.2,7605.263158,93.13,69.67,8.1,7.2,16.7721328,19.40996292
E05000277,St Ann's,Haringey,21.9,33.33,30.76,3.63,98.95,1.56,32460,35.2,13318.18182,52.17,42,7.8,6.6,17.2273621,10.48863208
E05000278,Seven Sisters,Haringey,26.52,24.57,23.76,4.26,100.42,1.34,33500,29,12307.69231,83.58,57.67,6.6,5.6,32.0399998,11.12856769
E05000279,Stroud Green,Haringey,18.41,23.17,21.51,3.85,104.67,1.18,44780,60.5,10727.27273,66.89,10,5.5,4.6,46.1013568,6.581376945
E05000280,Tottenham Green,Haringey,28.07,38.23,34.76,5.7,140.14,1.54,28920,29.2,10428.57143,81.6,102.33,8.4,7.4,11.9087858,14.42713833
E05000281,Tottenham Hale,Haringey,28.99,41.27,37.74,4.23,122.35,1.62,27340,23.1,7947.368421,56.48,45.67,7.2,6.3,14.50762,14.80894016
E05000282,West Green,Haringey,26.14,36.7,34.84,3.83,103.39,1.46,31110,30.6,9571.428571,74.12,42,8.2,7,21.4597561,12.38479263
E05000283,White Hart Lane,Haringey,28.55,43.5,40.24,3.25,106.02,1.7,27010,20.7,7911.764706,82.14,51.33,9.3,7.8,23.6514082,15.24465642
E05000284,Woodside,Haringey,21.91,35.5,32.71,4.58,83.55,1.52,32010,32.9,9700,56.68,61.67,7.3,6,32.8813051,10.24408752
E05000285,Belmont,Harrow,17.05,13.5,10.95,1.7,72.79,0.42,42380,36.4,6333.333333,67.83,19,5.3,3.7,57.2457572,6.405933918
E05000286,Canons,Harrow,18.29,19.97,11.82,2.67,55.39,0.77,39890,40.8,2241.071429,83.41,46.67,8.5,5.6,61.7641577,5.383255664
E05000287,Edgware,Harrow,21.73,20.77,19.59,2.9,81.32,0.69,33600,29.4,8357.142857,83.9,40,6.5,4.5,47.9051726,8.677821522
E05000288,Greenhill,Harrow,20,24.57,18.66,4,99.31,0.7,37550,46,7352.941176,77,42.33,6.4,4.2,50.0221312,8.013449145
E05000289,Harrow on the Hill,Harrow,19.76,18,10.89,3.16,64.99,0.59,39630,41.8,3430.555556,79.83,41,6.1,4.2,57.4528851,7.115689382
E05000290,Harrow Weald,Harrow,19.66,24.1,20.31,2.43,77.91,0.81,36940,32.3,2489.130435,75.4,38,7.5,5.5,46.9509342,8.132956153
E05000291,Hatch End,Harrow,20.34,15.17,12.67,2.07,61.11,0.56,42350,41.8,3257.575758,76.12,26.67,7.4,4.4,68.2792784,6.006674082
E05000292,Headstone North,Harrow,20.7,10.3,8.16,2.62,54.31,0.31,44470,43.6,3075.757576,87.16,25.67,6.3,4.1,75.9230038,5.615874204
E05000293,Headstone South,Harrow,20.07,19.03,13.42,2.98,59.01,0.43,39090,43,7466.666667,49.77,26.33,5.8,4,66.0950852,7.578281146
E05000294,Kenton East,Harrow,21.83,19.67,17.42,2.4,59.34,0.41,32880,27.6,8615.384615,44.49,22.33,7.5,5.3,56.8197315,8.554873892
E05000295,Kenton West,Harrow,19.92,13.77,12.1,2.79,65.98,0.4,38400,34.1,6250,64.49,14.33,6.6,4.5,63.2012727,7.023907667
E05000296,Marlborough,Harrow,19.02,26.73,22.79,3.62,81.61,0.68,34450,35.5,7718.75,49.44,24.33,6.7,4.7,47.0059064,10.39119804
E05000297,Pinner,Harrow,15.07,14.97,12.61,1.93,64.61,0.58,43950,44.3,3060.606061,76.52,21,7,4.3,59.3260321,5.935432124
E05000298,Pinner South,Harrow,17.6,8.23,6.54,2.11,50.96,0.29,49420,47.5,4375,76.74,14.33,5.1,3,80.2524316,4.99718204
E05000299,Queensbury,Harrow,21.31,18.73,17.7,2.53,76.15,0.41,35030,30.5,7531.25,55.93,27.67,6.4,4.8,62.4597512,8.368747957
E05000300,Rayners Lane,Harrow,16.05,13.07,9.83,3.27,57.8,0.39,40310,37.9,7466.666667,75.73,19.33,5.9,3.8,62.6949299,6.367303982
E05000301,Roxbourne,Harrow,22.32,28.4,23.14,2.97,70,0.65,32130,29.2,8600,89.54,18.33,7.3,5.4,40.2669192,10.10166209
E05000302,Roxeth,Harrow,21.41,18.87,15.11,3.05,90.43,0.56,35110,28.9,7343.75,78.58,20,6,4.2,47.5770277,9.072580645
E05000303,Stanmore Park,Harrow,14.35,19.9,17.99,1.89,71.63,0.69,39210,35.3,2511.111111,82.28,26.67,9.9,6.4,40.0678078,7.053787456
E05000304,Wealdstone,Harrow,19.84,28.5,24.39,3.11,88.19,0.77,32080,27.2,9541.666667,68.15,18,7,5.2,33.1725594,10.88896823
E05000305,West Harrow,Harrow,19.93,19.5,15.82,3.24,56.92,0.5,40210,40.7,6966.666667,79.17,11.67,6.5,4.4,52.1863967,7.351331631
E05000306,Brooklands,Havering,23.99,25.23,21.13,2.83,65.15,0.95,35250,21.3,3571.428571,66,68,7.8,5,34.2493184,8.841655138
E05000307,Cranham,Havering,16.95,10.3,8.38,2.2,45.37,0.43,42250,23.3,1901.515152,51.96,51.33,7.6,4.8,66.7564871,4.633140973
E05000308,Elm Park,Havering,21,23.07,20.72,2.72,75.83,1.04,34730,16.5,3378.378378,51.25,23.67,8.8,5.7,29.7347804,7.506281407
E05000309,Emerson Park,Havering,18.3,7.57,6.49,1.98,61.82,0.48,43790,24.3,2608.695652,40.29,27.67,7.2,4.3,60.6379371,4.441166831
E05000310,Gooshays,Havering,25.52,33.9,31.9,2.55,107.66,1.53,29400,13.2,1891.025641,96.27,40.67,10.4,7.1,9.9248756,12.95224313
E05000311,Hacton,Havering,15.11,11.33,11.44,2.48,44.56,0.52,39740,17.9,4920,77.56,15.33,7.3,4.3,42.8795583,5.615885821
E05000312,Harold Wood,Havering,17.75,18.67,17.17,2.41,71.25,0.63,37010,20.6,1671.052632,84.89,58.33,8.4,5.6,47.979929,7.57986739
E05000313,Havering Park,Havering,19.57,26.97,25.15,2.08,66.86,1.15,33590,15.3,1331.632653,72.84,20.67,8.7,5.7,22.9627265,8.549426371
E05000314,Heaton,Havering,25.59,33.8,31.06,2.06,85.92,1.36,29560,13.7,3705.882353,69.88,42.67,11.8,7.3,14.1256603,11.35652174
E05000315,Hylands,Havering,14.75,11.77,9.9,2.1,79.87,0.55,39890,19.2,4482.758621,78.34,28,7.1,4.2,46.2422382,5.826749436
E05000316,Mawneys,Havering,19.9,19.13,17.89,2.38,76.3,0.94,35820,16.3,4316.666667,73.39,38,8.5,5.2,26.0132116,6.796563363
E05000317,Pettits,Havering,12.39,12.53,11.15,2.16,67.76,0.63,40010,19.9,3250,55.53,42.67,7.5,4.4,41.9095651,5.377973034
E05000318,Rainham and Wennington,Havering,24.26,22.9,19.89,1.97,86.77,0.78,34470,14.9,739.6449704,59.92,65.67,7.9,5.2,32.8775003,8.044188579
E05000319,Romford Town,Havering,20.71,21.43,17.94,4.26,143.73,0.81,37160,26.3,5500,51.79,79.67,7.5,4.9,42.0606028,7.645020677
E05000320,St Andrew's,Havering,17.56,14.33,12.91,3.33,83.53,0.46,38130,18.9,4962.962963,73.4,31.33,8.9,5.1,45.8528002,6.142611684
E05000321,South Hornchurch,Havering,23.76,25.1,22.48,2.4,86.24,0.85,33160,14,2000,72.31,68,8.6,5.6,25.8278657,9.308194774
E05000322,Squirrel's Heath,Havering,19.48,12.73,12.06,2.62,62.83,0.58,41740,24.3,5096.153846,54.39,40,6.5,4,54.7468634,5.098684211
E05000323,Upminster,Havering,13.12,4.5,3.9,1.97,54.29,0.44,47580,27.9,571.1111111,48.43,44,7.2,4.1,61.5380669,4.121475054
E05000324,Barnhill,Hillingdon,27.2,27.67,24.19,2.4,131.94,1.05,31800,22.4,6452.380952,15.44,50.33,6.9,5,37.334313,10.99500227
E05000325,Botwell,Hillingdon,23.82,31.4,26.96,2.83,71.95,1.23,30700,21.4,3431.818182,27.01,64.67,7.4,5.7,33.7777726,11.75585055
E05000326,Brunel,Hillingdon,20.47,25.57,19.78,2.77,77.77,1.06,34630,23.6,4212.121212,55.4,60.67,6.4,4.5,36.8173337,12.18690494
E05000327,Cavendish,Hillingdon,17.05,10.83,9.32,2.13,58.94,0.42,43970,29.9,5850,42.48,20.67,6.1,3.8,66.3294565,5.078500481
E05000328,Charville,Hillingdon,22.92,21.67,18.48,2.25,79.71,0.78,35410,21.1,4233.333333,4.15,18.33,6.6,4.2,45.1510733,7.848022423
E05000329,Eastcote and East Ruislip,Hillingdon,12.89,9.4,7.18,2.01,65.37,0.37,47380,38.1,2975.609756,33.94,32,5.4,3.2,66.4653859,4.029187817
E05000330,Harefield,Hillingdon,20.86,20,17.95,1.37,61.18,0.86,37990,25,490.1315789,30.9,25.67,8.7,5.6,35.6398807,5.811878664
E05000331,Heathrow Villages,Hillingdon,24.92,25.03,22.6,2.56,67.49,1.41,33170,24.2,523.4042553,6.56,172.67,5.2,4.2,36.5577598,8.178328905
E05000332,Hillingdon East,Hillingdon,19.63,21.07,17.53,1.97,89.2,0.76,37250,24.2,3611.111111,15.72,22.67,6.4,4.2,47.599791,7.608857185
E05000333,Ickenham,Hillingdon,15.79,5.6,5.31,2.04,51.94,0.39,48770,36,1685.483871,14.75,32.33,6,3.2,75.5752499,4.246084167
E05000334,Manor,Hillingdon,13.9,11.33,9.51,2.98,76.6,0.32,43460,29.6,5750,16.01,23,5.9,3.5,54.0758593,4.314159292
E05000335,Northwood,Hillingdon,13.99,10.6,8.27,2.23,55.36,0.74,46550,46.4,1425.675676,0,23.67,7.4,4.7,71.8949499,4.661095636
E05000336,Northwood Hills,Hillingdon,17.71,15.3,13.12,2.15,62.5,0.72,43320,37.1,3530.30303,18.93,20.33,6.9,4.3,54.9324476,6.149776823
E05000337,Pinkwell,Hillingdon,23.1,27.67,25.32,2.55,101.27,1.34,31830,22.8,5500,2.3,61,6,4.5,30.0386338,9.578597172
E05000338,South Ruislip,Hillingdon,18.18,12.03,15.69,2.63,72.37,0.7,40060,27.3,1682.432432,21.85,68.67,5.9,3.8,44.6459481,6.008277437
E05000339,Townfield,Hillingdon,23.61,30.87,27.86,2.94,124.66,1.28,30430,22.2,4057.142857,21.8,82,7.8,5.8,37.208164,11.93165363
E05000340,Uxbridge North,Hillingdon,17.95,15.1,12.47,2.35,92.17,0.78,41470,34.9,2630.434783,37.42,60,6.7,4.1,66.8131365,5.563325563
E05000341,Uxbridge South,Hillingdon,17.11,24.53,20.71,2.45,62.57,0.97,34270,29.9,4532.258065,52.33,41.33,5.4,4.1,46.046041,10.9984288
E05000342,West Drayton,Hillingdon,23.59,33.53,28.78,2.18,93.48,1.33,32680,24,4128.571429,24.42,35,8,5.2,16.6934879,9.019983575
E05000343,West Ruislip,Hillingdon,10.77,11.23,10.67,2.38,84.25,0.58,43470,33.9,2431.818182,45.58,26.67,6.6,4.1,58.3005992,4.620630861
E05000344,Yeading,Hillingdon,23.44,28.8,25.71,2.02,128.4,1.06,33240,26,5934.782609,30.56,45.67,6.1,4.6,36.7591364,10.68188469
E05000345,Yiewsley,Hillingdon,22.94,31.03,28.62,2.42,87.39,1.27,32340,23.1,3262.5,52.74,36.67,7.2,5.2,26.4387473,9.156590976
E05000346,Bedfont,Hounslow,24.63,26.43,24.02,2,73.34,1.44,31870,20.2,2897.727273,73.91,36.33,7.3,5.1,34.9799178,7.737918767
E05000347,Brentford,Hounslow,23.51,30.2,27.23,3.18,71.76,0.98,35040,35.3,4500,38.72,89.67,6.8,5,49.6650624,9.191639386
E05000348,Chiswick Homefields,Hounslow,20.34,13.07,10.9,3.64,102.6,0.57,51830,55.7,4956.521739,17.69,44.67,4.4,3.1,63.8439696,5.401745411
E05000349,Chiswick Riverside,Hounslow,16.75,13.57,12.39,2.92,99.2,0.74,49680,56,5523.809524,45.1,33,5.3,3.6,72.1157673,4.291461779
E05000350,Cranford,Hounslow,25.83,27.93,26.9,2.39,89.82,1.45,30860,26.2,4574.074074,3.83,71.67,7.7,5.6,49.8489434,10.08309364
E05000351,Feltham North,Hounslow,27.5,22.7,21.01,2.9,74.16,1.34,32850,21.1,3411.764706,51.28,45,8.3,5.9,41.8495972,7.277227723
E05000352,Feltham West,Hounslow,25.6,25.9,23.17,2.2,108.84,1.48,34010,25,4875,70.98,20.33,5,3.7,29.8957011,7.885687181
E05000353,Hanworth,Hounslow,26.55,31.8,28.29,2.49,95.39,1.51,31150,19.2,3696.969697,20.03,47.67,7.1,5.5,27.1722373,9.955052439
E05000354,Hanworth Park,Hounslow,25.38,23.7,20.72,2.45,86.86,1.33,34340,22.2,3180.555556,38.39,41.67,6.4,4.8,37.3142048,6.849983729
E05000355,Heston Central,Hounslow,27.16,23.43,20.84,2.86,102.84,1.22,33580,32,7264.705882,0.28,42,7.1,5.6,56.9764711,9.391913403
E05000356,Heston East,Hounslow,23.45,25.17,22.21,2.28,86.26,1.09,34030,33.4,6175,14.79,48,6.6,4.7,53.679346,8.779576588
E05000357,Heston West,Hounslow,26.72,31,29.86,2.22,107.33,1.41,29490,24.4,3276.315789,31.89,91.33,7.7,5.8,50.4004573,11.23880345
E05000358,Hounslow Central,Hounslow,20.37,19.7,14.39,4.9,167.97,1.23,35830,42.8,8970.588235,0,37.67,5.5,3.7,53.8638721,8.877374784
E05000359,Hounslow Heath,Hounslow,25.59,26.43,21.3,3.09,106.35,1.48,32530,34.6,5285.714286,0.85,39,6.2,4.8,46.9544366,9.227969847
E05000360,Hounslow South,Hounslow,19.82,9.7,10.43,2.42,73.52,0.97,39920,32.9,6361.111111,21.47,14.33,5.5,3.8,64.858342,6.393129771
E05000361,Hounslow West,Hounslow,23.66,19.73,17.06,3.94,124.87,1.11,31890,33.5,7937.5,2.22,41,7.8,5.6,46.8094544,8.703096019
E05000362,Isleworth,Hounslow,20.6,31.73,29.49,2.2,88.86,1.31,34790,33.8,6000,55.48,16.67,7.7,5.5,31.97885,8.050781855
E05000363,Osterley and Spring Grove,Hounslow,14.73,14.47,10.13,2.85,62.13,0.88,42140,45.9,2079.365079,10.75,65,5,3.6,69.9878213,6.25415835
E05000364,Syon,Hounslow,22.65,27.23,24.25,3.5,80.09,1.17,37040,38.9,4689.655172,54.6,53,6.5,4.6,38.6520775,6.721820062
E05000365,Turnham Green,Hounslow,13.55,15.7,15.28,4.59,68.14,0.74,47080,55.4,6388.888889,2.35,78.67,5.9,3.9,48.5131322,5.181647127
E05000366,Barnsbury,Islington,22.8,36.1,32.02,5.54,155.03,1.54,44970,51.5,15250,99.79,45.33,7.5,6,27.5565516,8.207250928
E05000367,Bunhill,Islington,23.05,44.57,39.33,6.54,47.68,1.23,39200,45.2,13272.72727,97.43,117,6.3,5.3,28.7199402,11.26635336
E05000368,Caledonian,Islington,25.17,42.27,39.27,5.31,88.43,1.36,35840,39.1,12636.36364,98.24,45.33,9.1,7.3,25.1432436,9.929078014
E05000369,Canonbury,Islington,24.37,40.9,38.28,6.07,145.94,1.61,40590,47.3,15125,99.13,43.67,8.8,6.8,17.1658836,8.693733451
E05000370,Clerkenwell,Islington,22.09,38.93,34.93,6.39,69.75,1.56,43350,47.9,12777.77778,99.25,74.33,7.3,6.1,24.6948015,8.859772266
E05000371,Finsbury Park,Islington,25.94,43.83,41.26,6.06,184.8,1.19,33620,41.8,16000,96.69,86,10,7.8,43.6221875,10.92329364
E05000372,Highbury East,Islington,14.69,25.13,23.57,4.78,120.28,1.08,47810,58.8,11650,85.7,21.67,6.8,5.1,38.9453044,6.924614506
E05000373,Highbury West,Islington,19.05,33.47,31.38,6.01,71.02,0.91,43800,56.3,13681.81818,67.7,51,6.1,4.9,40.261532,7.290032423
E05000374,Hillrise,Islington,19.09,37.83,36.29,4.2,101.91,1.3,39090,43.7,14750,100,13.67,9,7.3,37.6774714,10.11556118
E05000375,Holloway,Islington,24.33,42.7,39.44,5.84,106.23,1.29,35430,43.3,15000,96.92,69,8.4,6.6,27.876614,10.27314479
E05000376,Junction,Islington,15.68,32.43,30.48,5.69,102.33,1.38,39470,46.9,12050,78.99,60,8.5,6.8,24.3172773,9.357744842
E05000377,Mildmay,Islington,21.74,38.93,36.66,5.78,136.66,1.24,39300,48.8,16187.5,100,28.33,7.9,6.6,30.9018958,9.109532915
E05000378,St George's,Islington,27.27,32.67,30.72,4.46,120.22,1.45,40860,48.3,15500,84.64,52,8,6.3,31.9318056,9.035804906
E05000379,St Mary's,Islington,21.18,35.03,36.1,6.66,193.7,1.57,46190,54.4,12888.88889,99.69,125.33,7.7,6.3,17.3614402,7.693379791
E05000380,St Peter's,Islington,21.92,38.87,38.66,5.18,135.77,1.59,43870,53,14812.5,100,40.33,8.2,6.5,10.3315243,8.415487927
E05000381,Tollington,Islington,21.17,38.27,36.48,4.01,127.03,1.14,38090,45.2,16625,98.88,23.67,8.9,7.2,40.8069275,9.920062901
E05000382,Abingdon,R B of Kensington and Chelsea,22.22,16.13,12.85,6.45,84.95,0.92,54690,59.2,16583.33333,16.1,53,4.6,3.5,85.732055,5.527449878
E05000383,Brompton,R B of Kensington and Chelsea,,11.27,7.48,6.96,103.33,0.98,64320,57.4,8800,35.88,91.67,3.5,2.8,69.0623457,4.055972419
E05000384,Campden,R B of Kensington and Chelsea,,6.97,4.94,6.82,103.17,0.57,65500,62.4,9055.555556,18.48,33.67,3.3,2.6,70.1355003,4.191745486
E05000385,Colville,R B of Kensington and Chelsea,27.14,33.3,28.74,5.52,214.05,1.25,43560,48.6,20875,76.57,23.33,7.5,6.5,69.8201594,9.52568392
E05000386,Courtfield,R B of Kensington and Chelsea,,3.83,3.21,6.94,115.13,0.44,61810,58.7,17800,53.95,47.67,3.2,2.5,82.4303221,5.543237251
E05000387,Cremorne,R B of Kensington and Chelsea,24,32.5,28.16,4.24,100.01,1.04,43920,41.2,13250,95.7,84.33,9.3,7.1,52.3795238,9.76940243
E05000388,Earl's Court,R B of Kensington and Chelsea,19.42,23.77,21.56,6.99,138.02,0.8,44100,53.3,18100,35.24,37,6.2,5.2,70.9391728,7.738202857
E05000389,Golborne,R B of Kensington and Chelsea,23.79,43.63,43.01,4.33,137.98,1.13,30100,32.1,9888.888889,67.5,37.67,10.4,9.1,43.2813328,14.34608541
E05000390,Hans Town,R B of Kensington and Chelsea,12.28,20.5,12.22,6.81,78.55,1.06,58100,55.1,14583.33333,55.19,36,4.8,3.6,57.2809469,5.659995957
E05000391,Holland,R B of Kensington and Chelsea,16.19,18.83,11.65,5.66,95.87,1.41,54770,58.8,9750,48.08,48,4.5,3.5,86.4543453,6.08424337
E05000392,Norland,R B of Kensington and Chelsea,30.08,24.23,20.4,5.6,93.38,0.89,53430,51.2,12357.14286,68.75,39,7.1,5.4,72.7415868,7.715981534
E05000393,Notting Barns,R B of Kensington and Chelsea,18.73,38.3,36.59,3.98,105.42,0.89,36690,37.2,15833.33333,80.88,61.67,9.6,7.9,54.3060607,12.38195173
E05000394,Pembridge,R B of Kensington and Chelsea,,13,7.89,7.08,191.33,0.79,55710,60.8,15300,38.83,34,4.4,3.2,73.9452496,5.111206159
E05000395,Queen's Gate,R B of Kensington and Chelsea,,4.67,2.89,6.13,64.68,0.7,63630,61.7,16333.33333,32.93,34.33,2.3,1.8,26.9712821,5.100349843
E05000396,Redcliffe,R B of Kensington and Chelsea,,11.5,8.21,6.06,116.1,0.71,54550,60.5,13142.85714,75.07,40.33,3.6,2.7,79.7702729,4.512893983
E05000397,Royal Hospital,R B of Kensington and Chelsea,,8.27,11.43,4.44,103.27,0.76,60600,56.1,8055.555556,52.91,50,5.6,3.3,40.3265664,4.325
E05000398,St Charles,R B of Kensington and Chelsea,23.27,37.07,36.27,3.68,95.96,1.5,36100,35.5,13285.71429,71.47,19,10.6,7.7,50.7646234,11.1227702
E05000399,Stanley,R B of Kensington and Chelsea,18.97,13.73,8.51,5.55,65.02,0.77,54990,56.1,11642.85714,47.4,58.67,5.6,3.6,57.6183333,4.516129032
E05000400,Alexandra,R B of Kingston upon Thames,16.91,10.83,9.05,2.13,60.37,0.35,41390,32.7,3425.925926,43.37,24.67,5.1,3.3,71.6379371,5.444832546
E05000401,Berrylands,R B of Kingston upon Thames,8.29,11,8.94,2.46,45.81,0.5,42330,48.4,6300,23.65,10.33,6.2,4.1,59.5679132,5.863254393
E05000402,Beverley,R B of Kingston upon Thames,15.77,15.93,12.47,2.62,69.96,0.69,40700,41.7,5342.105263,2.52,26.33,6.5,4.4,59.1669643,6.372919818
E05000403,Canbury,R B of Kingston upon Thames,10.92,9.8,8.33,3.77,59.16,0.54,45600,54.4,10333.33333,10.38,15.33,3.8,2.8,64.7680251,5.050649165
E05000404,Chessington North and Hook,R B of Kingston upon Thames,23.13,15.9,14.96,2.35,57.27,0.78,37230,22.8,4605.263158,24.24,10.67,6.4,4.5,36.256629,5.739093604
E05000405,Chessington South,R B of Kingston upon Thames,22.61,16.43,13.73,2.24,53.15,0.62,38310,25.3,1348.684211,68.51,30,5.6,3.6,43.7589976,5.13896172
E05000406,Coombe Hill,R B of Kingston upon Thames,17.89,16.17,11.11,2.43,45.89,0.82,45650,44.5,2352.272727,54.27,35.33,5.5,3.3,55.3795307,7.581155978
E05000407,Coombe Vale,R B of Kingston upon Thames,11.6,8.93,7.33,2.26,44.46,0.55,44320,47.4,6093.75,28.7,14.67,5,3.2,85.30877,5.524642289
E05000408,Grove,R B of Kingston upon Thames,14.48,14.7,12.71,4.17,141.57,0.8,41410,47,5763.157895,81.04,63.67,4.7,3.4,47.1011278,8.133439237
E05000409,Norbiton,R B of Kingston upon Thames,21.83,25.83,23.01,3.39,77.03,1.18,34650,35.8,7807.692308,74.78,36.33,6,4.6,33.6431652,9.250313115
E05000410,Old Malden,R B of Kingston upon Thames,18.24,14.63,11.96,2.41,50.48,0.68,41760,34.4,5250,54.54,17.33,5.6,3.3,61.8012301,5.122494432
E05000411,St James,R B of Kingston upon Thames,16.86,12.07,8.73,2.55,51.73,0.57,41850,38,4090.909091,6.38,37.67,6.9,4.1,74.0975645,5.09009009
E05000412,St Mark's,R B of Kingston upon Thames,8.7,9,7.15,3.71,71.55,0.34,44930,48.3,7464.285714,26.67,24,3.5,2.6,66.4008516,8.667687596
E05000413,Surbiton Hill,R B of Kingston upon Thames,11.05,12.57,10.99,3.13,46.22,0.45,43160,52.2,6176.470588,30.19,27,6.2,3.5,39.4480524,4.934049829
E05000414,Tolworth and Hook Rise,R B of Kingston upon Thames,17.32,15.57,13.75,2.17,59.72,0.59,37840,30,3788.461538,10.82,44.33,5.3,3.8,45.0717001,5.727923628
E05000415,Tudor,R B of Kingston upon Thames,12.15,7.43,6.63,2.26,53.41,0.5,48530,51.3,6000,72.76,11.67,4.4,2.8,90.7560087,4.226190476
E05000416,Bishop's,Lambeth,21.94,29.87,26.62,7.45,64.22,1.26,40360,47.2,6466.666667,96.71,110.67,5.9,4.4,34.763193,8.668297798
E05000417,Brixton Hill,Lambeth,20.17,30.17,28.41,4.93,122.46,1.46,39050,49.6,14454.54545,83.21,89,5.9,4.5,29.6716088,8.163063863
E05000418,Clapham Common,Lambeth,21.71,18.93,18.84,4.34,139.66,1.27,49520,63.3,9961.538462,89.25,47.33,4.4,3.4,45.8983227,5.26193248
E05000419,Clapham Town,Lambeth,22.61,26.8,26.11,5.22,246.41,1.12,44960,59.7,12636.36364,66.85,64.33,5.8,4.2,41.8164977,6.249330046
E05000420,Coldharbour,Lambeth,21.42,43.53,39.65,5.27,200.87,1.43,32220,36.8,14041.66667,95.77,52.33,7.2,5.8,27.6113856,14.38112679
E05000421,Ferndale,Lambeth,32.21,31.33,30.39,6.27,236.21,1.32,39480,52.9,16777.77778,98.15,74.67,5.9,4.7,29.7131039,7.800660579
E05000422,Gipsy Hill,Lambeth,27.76,34.2,32.57,3.63,126.55,1.41,36650,39.3,8593.75,97.78,20.67,7,5.4,35.3585832,10.99973622
E05000423,Herne Hill,Lambeth,18.66,23.4,21.14,4.23,89.06,1.3,41700,52,7575,44.12,65,5.6,4.4,37.6334449,8.05864726
E05000424,Knight's Hill,Lambeth,20.15,30.17,26.5,3.89,118.5,1.29,36950,38.2,9866.666667,79.08,37.67,7.2,5.2,41.529567,11.55981827
E05000425,Larkhall,Lambeth,29.93,38.87,33.74,5.36,151.33,1.42,37260,48.5,15727.27273,98.56,67.67,5.8,4.5,31.6200176,9.03975648
E05000426,Oval,Lambeth,25.5,36.73,32.25,6.5,129.41,0.93,39200,51.6,11692.30769,95.85,128,6,4.5,33.8254317,7.253564786
E05000427,Prince's,Lambeth,26.88,34.7,30.01,6.01,101,1.04,37600,46.5,11958.33333,98.89,64.67,7,5.5,33.3871614,9.076831447
E05000428,St Leonard's,Lambeth,20.08,23.73,21.46,5.61,155.99,1.33,39880,46.3,10428.57143,52.37,81.67,5.6,4.1,49.2361738,7.94796108
E05000429,Stockwell,Lambeth,25.35,34.57,34.47,5.65,132.52,1.03,35050,41,16500,93.56,57.67,5.6,4.7,39.3825503,10.56227599
E05000430,Streatham Hill,Lambeth,19.11,24.93,23.21,5.04,127.73,1.23,39250,46.4,11000,85.42,46.33,6.3,4.7,50.9246298,8.361320208
E05000431,Streatham South,Lambeth,24.26,25.93,23.54,3.58,102.48,1.21,36710,34.8,8470.588235,29.21,63,6.8,4.7,39.1301064,9.781077967
E05000432,Streatham Wells,Lambeth,22.09,28.9,26.66,4.25,105.7,1.43,38270,42.6,9966.666667,64.74,32.67,5.8,4.1,46.0981208,8.692714784
E05000433,Thornton,Lambeth,26.04,28.3,27.94,3.18,100.06,1.21,41880,47.8,11454.54545,86.05,30.67,5.9,4.5,51.9876341,8.714479026
E05000434,Thurlow Park,Lambeth,19.7,23.1,20.21,4.8,123.79,1.57,41600,50.3,9133.333333,65.97,44.33,5.6,4.3,40.0507457,8.886644787
E05000435,Tulse Hill,Lambeth,27.73,37.23,34.55,4.43,133.22,1.49,35610,42.7,15850,94.06,36.33,6.1,5.2,35.2936737,10.84126463
E05000436,Vassall,Lambeth,29.35,38,34.89,4.46,140.65,1.33,34830,41.3,12909.09091,95.09,66,7.1,5.9,30.8629118,11.99221601
E05000437,Bellingham,Lewisham,28.77,36.7,33.11,2.89,114.16,1.52,31340,23.5,4790.322581,65.94,50.67,8.9,6.9,9.0774093,12.28070175
E05000438,Blackheath,Lewisham,20.87,22.7,19.24,4.78,119.79,1.37,44870,53.2,6130.434783,57.02,43.33,6.3,4.7,36.987792,7.774929818
E05000439,Brockley,Lewisham,25.58,28.83,25.77,5.26,143.67,1.41,38100,47.3,10117.64706,49.14,102.33,5.2,4,20.7210699,9.535361075
E05000440,Catford South,Lewisham,22.73,23.23,18.76,3.19,76.95,1.09,39070,34.2,8026.315789,11.45,44,7,4.7,32.4740418,9.854822835
E05000441,Crofton Park,Lewisham,20.82,19.6,19.77,3.75,93.24,1.16,42560,45.1,8823.529412,71.3,25.67,6.2,4.6,26.6844203,8.086717137
E05000442,Downham,Lewisham,26.43,36.67,35.32,3.09,133.11,1.71,30880,20.2,6083.333333,93.51,63.33,9.6,6.8,15.5355134,13.08177947
E05000443,Evelyn,Lewisham,27.02,41.57,37.55,3.06,117.69,1.45,30560,33.5,9250,71.49,53.67,6.6,5.2,10.0053306,13.49124614
E05000444,Forest Hill,Lewisham,20.7,23.9,20.7,3.65,117.45,1.08,40960,46.4,8277.777778,92.05,32.33,5.9,4.4,19.9932388,8.920965452
E05000445,Grove Park,Lewisham,24.19,28.9,25.78,3.07,99.53,1.66,36150,29.2,6125,57.93,47.33,8.3,5.5,27.3110415,9.462112289
E05000446,Ladywell,Lewisham,25.7,24.83,21.85,4.21,113.6,1.22,40290,44.5,9093.75,33.28,41.67,6,4.8,36.9915239,10.39621526
E05000447,Lee Green,Lewisham,16.82,19.47,17.88,3.28,108.96,0.97,42760,46.1,8138.888889,41.25,41,6.6,4.7,44.4305552,7.235357016
E05000448,Lewisham Central,Lewisham,25.98,34.17,28.02,4.85,161.64,1.36,35760,42,8333.333333,27.07,125,7.3,5.2,20.3013258,10.44539232
E05000449,New Cross,Lewisham,28.1,35.03,31.15,4.3,160.83,1.73,31520,34.7,8777.777778,22.71,42.67,6.4,5.2,20.4016473,13.53443369
E05000450,Perry Vale,Lewisham,23.44,28.7,26.46,3.26,111.24,1.42,39130,41.5,9235.294118,43.01,41.67,6.7,4.6,17.10409,8.765794224
E05000451,Rushey Green,Lewisham,20.7,30.13,25.52,4.94,128.63,1.36,34670,32.9,8333.333333,31.21,102.33,8,5.9,12.2618256,12.5015753
E05000452,Sydenham,Lewisham,26.21,30.47,29.23,3.94,113.4,1.53,37060,36.6,9235.294118,38.82,44.67,8.1,5.5,18.3529988,10.39319108
E05000453,Telegraph Hill,Lewisham,22.99,29.93,27.64,4.54,99.38,1.12,37230,43.7,10966.66667,37.81,46,6.2,4.8,16.8217779,10.02289759
E05000454,Whitefoot,Lewisham,25.3,33.07,30.46,2.66,125.59,1.67,32840,22.7,6500,78.75,47.33,8.5,6.2,15.5977785,12.09101725
E05000455,Abbey,Merton,15.6,16.07,15.8,5.1,75.99,0.66,45370,55.4,7392.857143,75.56,50.67,4.7,3.4,59.7132128,4.537286613
E05000456,Cannon Hill,Merton,24.34,9.47,9.6,2.6,62.34,0.51,42320,35.2,4227.272727,32.96,15.33,5.9,3.8,66.0287514,4.968329375
E05000457,Colliers Wood,Merton,18.72,17.6,16.57,4.06,123.83,1.28,38780,43.1,9772.727273,56.64,31.67,5.2,4.2,38.8902754,5.793304221
E05000458,Cricket Green,Merton,23.8,29.9,27.94,3.22,84.1,1.27,29930,23.3,3833.333333,72.39,61.67,7.8,5.3,31.9185365,10.96614951
E05000459,Dundonald,Merton,10.49,6.23,4.87,4.54,84.55,0.29,49910,60.7,7750,81.42,21.33,3.4,2.3,89.0492199,3.418945964
E05000460,Figge's Marsh,Merton,25.39,26.97,24.1,3.67,119.84,1.16,30860,25.3,10272.72727,74.28,37.33,6.6,5,42.1857203,10.86466817
E05000461,Graveney,Merton,25.66,15.83,13.15,3.44,91.11,0.77,35580,32.1,10944.44444,37.65,12.67,5.2,3.8,60.465236,8.216216216
E05000462,Hillside,Merton,,4.1,4.12,5,48.38,0.38,51480,64.6,7500,59.5,24.67,4,2.5,46.0350932,3.711711712
E05000463,Lavender Fields,Merton,22.37,25.07,22.92,2.55,99.41,1.24,33360,32.6,8625,52.12,17.67,5.4,4.4,35.9280254,8.44928751
E05000464,Longthornton,Merton,20.75,20,18.45,2.84,83.6,1.02,34350,27.5,6700,48.38,15.33,6.6,4.6,46.0683425,9.74560419
E05000465,Lower Morden,Merton,17.96,10.6,9.77,2.18,48.41,0.79,38730,24.5,5083.333333,63.05,10.67,5.9,3.6,66.0066905,5.045151158
E05000466,Merton Park,Merton,12.55,9.27,6.31,3.87,73,0.35,46300,50.1,5305.555556,59.68,33.33,4.8,2.9,79.8898119,5.046948357
E05000467,Pollards Hill,Merton,23.96,28.83,26.29,2.65,101.15,1.14,31940,23.4,4704.545455,39.83,21.67,6.2,4.2,36.2150114,10.47000382
E05000468,Ravensbury,Merton,21.36,26.27,24.81,3.18,101.72,1.59,32330,25.1,5555.555556,83.03,33.67,7.9,5.4,35.3803714,9.080142124
E05000469,Raynes Park,Merton,14.56,9.1,7.43,3.36,60.66,0.39,49340,54.3,5157.894737,49.42,25.33,5.7,3.4,68.7710022,4.034476435
E05000470,St Helier,Merton,22.28,24.03,21.77,2.97,79.45,1.33,32530,23.4,5805.555556,74.35,22,8.3,5.4,41.5786956,8.325377124
E05000471,Trinity,Merton,19.2,11.03,10,3.8,121.77,0.68,47380,59.6,8954.545455,39.29,11.67,5,3.2,58.2034109,4.303636652
E05000472,Village,Merton,,2.43,1.4,2.26,62.3,0.51,62200,62.3,1370.967742,49.58,24.33,4.7,2.6,57.6722222,3.215590743
E05000473,West Barnes,Merton,20,10.47,8.96,2.63,63.59,0.54,44170,41.9,4950,58.46,24.33,4.8,3.1,74.8624548,5.570927873
E05000474,Wimbledon Park,Merton,12.83,8.97,8.15,3.18,65.41,0.37,50730,59.6,4891.304348,47.45,18.67,3.7,2.7,77.9660018,3.638301111
E05000475,Beckton,Newham,23.98,29.63,26.77,2.85,101.76,1.84,34100,27.9,2420.634921,76.97,69.33,7.2,5.4,31.222482,14.11794741
E05000476,Boleyn,Newham,27.27,30.17,25.99,4.15,114.64,1.32,31630,28.8,17888.88889,0,37,7.1,5.8,39.7273245,14.53152305
E05000477,Canning Town North,Newham,29,37.7,34.87,4.43,100.49,1.73,28910,23.9,5960,0.12,53.33,8.4,6.7,19.9349571,15.96250509
E05000478,Canning Town South,Newham,27.54,38.5,33.47,3.6,119.05,1.75,32870,33.3,8972.222222,55.89,48.33,7.6,5.8,13.1327558,11.96561065
E05000479,Custom House,Newham,24.74,32.67,31.8,2.89,159.97,1.73,31840,24.2,6428.571429,35.91,35.67,7.7,6.1,21.591199,12.66627254
E05000480,East Ham Central,Newham,26.53,25.5,21.19,4.75,160.96,1.45,32380,32.6,16050,0,68.67,6.4,5.3,30.902774,13.56110381
E05000481,East Ham North,Newham,22.51,27.03,22.02,4.39,87.25,1.19,32340,31.1,15500,5.96,24,7.6,6.2,45.7898834,14.765204
E05000482,East Ham South,Newham,26.18,32.33,29.39,2.62,97.27,1.67,31430,24.1,8722.222222,22.18,65.33,7.7,5.8,30.562433,14.58569807
E05000483,Forest Gate North,Newham,25.97,29.47,26.11,3.06,117.86,1.36,34270,33,13666.66667,58.67,20.67,6.6,5.7,23.0178761,12.32656805
E05000484,Forest Gate South,Newham,26.92,26.83,23.69,3.77,142.27,1.44,34550,32.7,14583.33333,43.16,44.67,6.9,5.5,30.3960004,12.97075645
E05000485,Green Street East,Newham,25,28.4,22.5,3.84,91.98,1.27,31570,30,22857.14286,13.23,28,6.3,5.1,30.6152174,15.39989407
E05000486,Green Street West,Newham,22.9,27.63,23.84,4,100.45,1.04,31080,29.8,19062.5,0,38,7.3,5.9,22.5375739,16.06840023
E05000487,Little Ilford,Newham,27.23,33.07,28.71,2.72,100.78,0.99,29730,24.6,8815.789474,59.89,45.67,7.3,5.9,35.6143179,17.7608358
E05000488,Manor Park,Newham,24.69,30.57,26.58,3.93,100.45,1.32,31580,30.2,11884.61538,71.26,46.33,8,6.2,29.4987511,15.35754505
E05000489,Plaistow North,Newham,22.38,33.57,29.87,4.22,99.56,1.32,30740,26.8,15600,0,29.33,7.8,6.2,29.735935,15.2969567
E05000490,Plaistow South,Newham,26.51,32.33,27.94,4.37,100.66,1.5,31750,26.2,11821.42857,0.09,71.33,6.5,5.1,29.5332378,13.7965016
E05000491,Royal Docks,Newham,33.02,32.83,27.85,2.49,91.29,1.63,38580,42.7,2250,76.15,14.67,4.2,3.8,21.4927284,10.21421919
E05000492,Stratford and New Town,Newham,23.6,31.93,29.08,5.43,179.61,1.48,35840,40.6,4261.904762,58.51,110.33,5.8,4.7,24.5954687,11.10097601
E05000493,Wall End,Newham,26.38,27.97,23.29,3.74,91.8,1.44,32330,29.6,10678.57143,15,36,6.7,5.1,30.3918363,14.13266804
E05000494,West Ham,Newham,26.4,34.73,31.74,4.65,104.02,1.34,32310,29.8,12076.92308,42.66,35.33,6.7,5.6,24.4838602,12.66321754
E05000495,Aldborough,Redbridge,21.99,19.07,15.65,2.62,101.28,0.89,37310,32,1709.302326,1.92,66.33,7.6,5.1,51.9441905,9.18722989
E05000496,Barkingside,Redbridge,20.5,14.9,11.5,3.29,91.08,0.87,39620,35.2,8466.666667,4.25,32.33,7.1,4.9,76.0332958,8.698443268
E05000497,Bridge,Redbridge,16.26,19.07,17.34,2.16,91.64,0.86,39320,29.9,4519.230769,15.26,23,6.9,4.8,35.1124403,7.336827061
E05000498,Chadwell,Redbridge,24.86,24.93,21.96,2.47,83.13,0.79,36700,28.5,9600,7.31,30.33,6.7,4,49.0583371,9.842024325
E05000499,Church End,Redbridge,17.73,10.33,8.73,2.82,108.28,0.54,45410,46.3,7766.666667,10.36,39.33,5.4,3.6,63.7035386,5.026223776
E05000500,Clayhall,Redbridge,22.6,11.63,8.92,2.33,71.02,0.81,41450,34,5340,0.88,45.33,6.8,5,78.4604744,7.954193748
E05000501,Clementswood,Redbridge,21.86,34.43,26.38,3.43,146.9,1.31,30230,32.4,11384.61538,20.88,63,6.3,5.1,38.3499757,14.36968291
E05000502,Cranbrook,Redbridge,21.24,17.3,14.74,3.76,105.24,1.11,38290,37.2,5375,3.08,68.33,7.3,5.1,59.272942,10.16173828
E05000503,Fairlop,Redbridge,26.65,19.17,17.74,2.88,89.65,0.93,37560,25.5,3541.666667,1.32,26.33,7.3,5.2,35.510103,7.303712721
E05000504,Fullwell,Redbridge,27.74,24.4,20.83,2.34,89.83,0.83,35690,26.5,5909.090909,1.04,28.67,8.2,5.4,49.3857447,9.05396619
E05000505,Goodmayes,Redbridge,24.45,28.3,24.85,3.63,104.56,1.22,33820,31.4,8250,17.72,38,6.5,5.1,40.5625063,12.32461735
E05000506,Hainault,Redbridge,24.69,30.37,26.14,2.45,87.52,1.51,31520,20.4,2330.357143,4.98,18.33,10.9,7.5,20.4838443,10.32046015
E05000507,Loxford,Redbridge,25.58,38.9,32.84,3.37,114.11,1.59,28500,31.1,12846.15385,69.81,80.33,7.3,5.7,38.7526147,16.75683579
E05000508,Mayfield,Redbridge,24.72,23.27,19.16,2.71,90.05,1.25,35630,29.9,7263.157895,36.9,28,7,5,43.8001496,11.07644306
E05000509,Monkhams,Redbridge,14.52,5.73,4.7,2.62,65.65,0.48,48780,41.6,3387.096774,0,38.67,6.8,3.8,73.234804,4.155939684
E05000510,Newbury,Redbridge,22.24,23.7,18.86,3.15,81.73,0.86,35550,33.4,8047.619048,0.36,61.33,5.9,4.4,65.8864228,10.61622169
E05000511,Roding,Redbridge,21.58,19.9,16.28,2.39,90.03,0.99,41040,37,5282.608696,0,62.33,5.2,3.7,47.5070562,7.507598784
E05000512,Seven Kings,Redbridge,25.91,25.63,21.85,3.09,90.92,1.02,34480,31.7,7285.714286,2.68,53.33,6.9,5.1,36.2673871,12.66109616
E05000513,Snaresbrook,Redbridge,18.18,9.77,8.17,3.7,86.65,0.66,45160,50.1,5975,8.64,27.67,7.9,4.8,53.8624603,4.883479293
E05000514,Valentines,Redbridge,23.73,24.07,18.94,4.37,134.86,1.02,34900,36.9,9500,6.1,40.67,6.5,4.9,65.0310668,13.06540116
E05000515,Wanstead,Redbridge,19.62,10.4,9.81,2.47,134.98,0.73,46370,45.3,2240.384615,19.65,51,6.4,4,60.5106494,5.628819556
E05000516,Barnes,Richmond upon Thames,19.83,8.47,7.89,3.24,78.76,1.22,55450,57.5,3450,55.23,18.67,4.9,3.2,37.9452228,4.936661699
E05000517,East Sheen,Richmond upon Thames,8.33,4.13,3.25,2.53,68.85,0.68,56090,61.6,1793.103448,25.22,22.33,3.5,2.1,75.5506106,3.329111634
E05000518,Fulwell and Hampton Hill,Richmond upon Thames,6.32,7.47,6.76,2.95,49.54,0.58,48810,52.8,5342.105263,59.54,19.67,5.1,3.2,75.1870948,3.787480274
E05000519,"Ham, Petersham and Richmond Riverside",Richmond upon Thames,13.68,16.77,14.35,2.06,75.22,1.04,44870,46,1101.06383,73.44,35.67,6.7,4.4,37.2659296,6.512488437
E05000520,Hampton,Richmond upon Thames,16.4,9.3,8.49,2.56,57.78,0.6,46750,47.2,1449.275362,39.81,41.33,5.9,4,62.7443705,4.068799704
E05000521,Hampton North,Richmond upon Thames,18.46,20.23,17.83,2.16,81.17,0.94,39440,36.3,4947.368421,54.72,14.33,7.2,4.8,41.8369922,5.755978922
E05000522,Hampton Wick,Richmond upon Thames,8.3,9.77,6.66,2.54,67.12,0.83,46760,53.6,3796.296296,82.1,16,5.2,3.2,72.7111556,5.496750232
E05000523,Heathfield,Richmond upon Thames,18.77,21.97,19.33,1.99,80.51,1.43,36950,29.8,5447.368421,68.33,21.33,6.8,4.7,43.6402098,7.476812417
E05000524,Kew,Richmond upon Thames,12.16,8.43,6.98,3.11,67.49,0.78,52130,62,3180.555556,55.18,22.67,4.2,2.5,73.0019129,4.69608921
E05000525,Mortlake and Barnes Common,Richmond upon Thames,9.09,11.27,10.55,3.14,82.19,0.91,50100,57.6,5763.157895,93.47,26.33,4.2,3.3,54.5294013,4.692684468
E05000526,North Richmond,Richmond upon Thames,13.18,9.8,7.87,4.36,84.73,0.8,50860,59,3803.571429,44.57,35,4.6,3.3,51.9237103,4.884733194
E05000527,St Margarets and North Twickenham,Richmond upon Thames,9.72,5.6,4.44,3.02,64.11,0.78,52870,62.6,5600,64.96,42,2.9,2.1,68.5639639,3.506907545
E05000528,South Richmond,Richmond upon Thames,9.52,6.03,4.13,4.08,90.21,0.77,52690,63.6,4018.518519,40.78,43.33,3.8,2.6,42.9036383,4.163976759
E05000529,South Twickenham,Richmond upon Thames,9.38,3.9,3.7,3.45,49.13,0.47,51380,55.3,5911.764706,64.81,20,3.2,2.2,90.1353522,4.445579969
E05000530,Teddington,Richmond upon Thames,6.22,5.83,5.63,3.03,48.86,0.52,50600,58.5,2406.976744,48.92,25.33,4.5,2.9,92.2663244,3.987884907
E05000531,Twickenham Riverside,Richmond upon Thames,7.36,5.27,4.86,4.23,69.71,0.83,51350,63.8,5200,44.21,32.67,4.2,2.5,93.618646,3.92341494
E05000532,West Twickenham,Richmond upon Thames,12.46,9.17,9.31,2.69,73.12,0.83,45040,45.1,4220,91.78,21.67,5.2,3.5,47.4521228,4.300535475
E05000533,Whitton,Richmond upon Thames,12.41,12.33,10.89,2.35,73.72,0.87,42230,36.9,6125,57.69,17,6.3,4.1,61.8670018,5.368742835
E05000534,Brunswick Park,Southwark,25.41,30.1,28.86,3.96,108.59,1.15,36310,41.5,14666.66667,73.93,34.33,6.5,4.8,45.2534072,11.67971915
E05000535,Camberwell Green,Southwark,25.59,32.67,30.05,5.61,140.9,1.26,31840,34.3,15050,45.88,67.67,7.3,5.7,38.7214012,12.8984249
E05000536,Cathedrals,Southwark,28.14,32.9,30.79,7.67,55.66,1.46,40430,45.8,8305.555556,83.51,160,6.2,4.9,36.6855908,11.10733311
E05000537,Chaucer,Southwark,26.8,33.73,29.28,6.49,89.95,1.21,37780,48.8,19000,64.58,67.33,5.2,3.9,49.3033606,8.592874748
E05000538,College,Southwark,22.57,25.67,24.23,3.24,116.79,1.35,42600,48.7,3703.125,86.07,58.33,6.8,4.4,39.9513466,8.30476784
E05000539,East Dulwich,Southwark,18.66,13.03,14.67,4.08,97.62,1.08,48670,56.5,12350,42.47,28.33,5.8,4.3,55.0246246,5.894519131
E05000540,East Walworth,Southwark,32.1,34.97,32.3,5.58,224.12,1.37,31010,32.4,10500,88.49,76.67,7.8,6.1,23.3617372,11.93907632
E05000541,Faraday,Southwark,30.1,34.37,31.4,4.41,141.95,1.22,30760,28.6,14277.77778,73.86,29.67,6.7,5.2,31.8584101,14.38304315
E05000542,Grange,Southwark,25.28,36.63,34.78,4.77,95.29,1.29,38500,46.3,12833.33333,55.11,33,6.4,4.7,26.0103484,8.524801374
E05000543,Livesey,Southwark,28.77,41.23,36.27,4.16,155.83,1.67,28880,27.9,10107.14286,40.3,78,7.8,5.8,24.7548342,15.66560785
E05000544,Newington,Southwark,28.65,34.3,32.81,5.88,139.07,1.29,34190,37.5,17687.5,66.5,59.33,7.4,5.9,40.0662019,11.68814917
E05000545,Nunhead,Southwark,25.91,32.77,31.72,4.42,139.97,1.37,33540,34.8,10500,42.49,51,8.9,7.1,35.575389,13.08652021
E05000546,Peckham,Southwark,30.42,35,32.92,4.13,150.34,1.2,30030,30.6,16388.88889,93.82,31,7.2,5.3,31.7328676,14.98318763
E05000547,Peckham Rye,Southwark,19.88,21.87,21.17,3.4,105.02,1.07,42820,49.7,5891.304348,46.47,29.33,5.7,4.3,43.5207435,7.543859649
E05000548,Riverside,Southwark,28.22,33.3,30.47,4.55,54.87,1.52,43110,54.9,11076.92308,67.7,64.67,5.6,4.3,31.2881837,7.302252488
E05000549,Rotherhithe,Southwark,31.47,36.5,33.13,4.8,141.55,1.34,36970,43,9166.666667,66.28,50,6.6,4.8,32.7992998,9.204758923
E05000550,South Bermondsey,Southwark,30.08,35.1,32.65,3.64,128.65,1.32,31150,30.9,13800,0.88,33.33,7.4,5.2,29.6030754,11.84353005
E05000551,South Camberwell,Southwark,29.33,25.57,22.03,4.29,101.86,1.25,41130,49,9730.769231,59.66,13.67,5.5,3.9,50.2564503,8.318388743
E05000552,Surrey Docks,Southwark,25.79,23.57,22.53,2.68,123.31,1.32,45410,56,7105.263158,92.58,8,4.8,3.8,24.1369873,6.133304386
E05000553,The Lane,Southwark,27.89,29.5,27.78,5.64,183.35,1.3,37940,42,11142.85714,48.63,87,7.9,5.6,29.2550147,10.16949153
E05000554,Village,Southwark,10.34,7.8,6.96,3.74,100.66,0.48,58400,63.7,4446.428571,39.92,42.33,4.2,2.9,67.5917322,4.524619252
E05000555,Beddington North,Sutton,20.65,11.8,10.13,2.64,57.68,0.88,39290,25.1,2070,57.34,29,6,4.1,63.7998356,5.868995633
E05000556,Beddington South,Sutton,24.08,29.83,25.26,2.02,77.99,1.41,35600,26.7,3451.612903,41.58,27.67,7.5,5.2,44.8341651,8.228678538
E05000557,Belmont,Sutton,19.68,12.2,10.39,2.14,36.22,0.76,44260,40.4,4391.304348,36.25,18.33,5.8,3.3,77.8845528,4.645654946
E05000558,Carshalton Central,Sutton,14.14,11.93,9.64,3.1,77.98,0.67,42200,35.7,5050,38.43,30,5.3,3.1,72.8254487,5.408216329
E05000559,Carshalton South and Clockhouse,Sutton,12.98,12.07,10.33,1.96,58.69,0.73,44270,34.8,1373.239437,5.21,18,5.9,3.4,70.430036,4.782187803
E05000560,Cheam,Sutton,13.14,6.7,5.78,2.05,50.74,0.52,46220,38.6,2653.846154,40.27,31,6.2,3.7,86.3845348,4.140986133
E05000561,Nonsuch,Sutton,11.59,7.17,5.58,2.19,62.32,0.52,42640,27.1,5631.578947,11.4,33.33,5.9,3.4,78.2433758,4.63010422
E05000562,St Helier,Sutton,24.68,28.07,26.49,2.85,73.09,1.54,31040,17.7,8000,47.44,42,7.6,5.2,27.7853837,9.32022932
E05000563,Stonecot,Sutton,18.58,9.33,8.46,2.42,69.63,0.54,39210,22.5,5375,42.02,33.67,5.4,3.4,69.7174177,4.5221843
E05000564,Sutton Central,Sutton,18.6,21.43,20.84,4.2,117.67,1.24,35660,31.2,8500,38.54,46.33,6.8,5.4,41.5569883,7.533281128
E05000565,Sutton North,Sutton,20,15.7,13.79,3.08,73.74,0.83,38060,25.7,5473.684211,25.78,34.33,7.1,4.6,55.865992,6.199411332
E05000566,Sutton South,Sutton,21.02,14.67,12.68,3.28,49.82,1.08,40460,41.6,7423.076923,20.09,9,8.1,4.8,74.3873888,5.19005848
E05000567,Sutton West,Sutton,20.08,10.17,8.75,3.39,56.58,0.68,41610,38.6,5888.888889,25.88,27,5.6,3.5,74.8112163,5.086122847
E05000568,The Wrythe,Sutton,21.48,17.23,15.71,2.47,87.06,0.95,36790,23.2,6800,42.06,15.67,6.2,4,42.6978789,6.716032375
E05000569,Wallington North,Sutton,19,14.4,13.34,3.33,73.93,0.79,38710,30.3,6687.5,55.4,33.67,5.7,3.8,62.2545787,5.898969757
E05000570,Wallington South,Sutton,21.03,18.57,16.69,3.2,77.94,0.88,37960,32,6029.411765,0.95,29.67,8,4.7,72.33178,6.779974136
E05000571,Wandle Valley,Sutton,20.16,27.67,26.59,2.23,89.99,1.48,32330,21.5,5571.428571,58.15,20.67,6.8,4.9,31.8493428,8.858330668
E05000572,Worcester Park,Sutton,18.26,13.53,11.75,2.27,53.25,0.82,40610,30.8,5875,21.48,17,5,3,73.6243683,5.287216212
E05000573,Bethnal Green North,Tower Hamlets,26.89,44.83,41.74,6.05,126.03,1.14,36230,40.2,17250,58.4,42.67,7.8,6.9,34.7073285,11.69575063
E05000574,Bethnal Green South,Tower Hamlets,23.33,43.33,41.25,6.7,159.03,1.19,32860,35.5,15833.33333,84.02,76,8,7.3,34.4923911,14.87968105
E05000575,Blackwall and Cubitt Town,Tower Hamlets,25.66,39.8,40.33,3.53,57.95,1.34,43330,50.8,6550,85.9,62.67,5.1,4.3,27.9010508,9.020204582
E05000576,Bow East,Tower Hamlets,27.52,47.53,47.01,3.67,119.66,1.55,36800,42,7842.105263,74.29,51.67,7.4,6.3,18.3001638,10.14425314
E05000577,Bow West,Tower Hamlets,19.76,33.77,32.84,5.37,177.63,1.32,41000,43.6,10038.46154,61.02,59.33,6.9,5.8,35.8048106,10.32830774
E05000578,Bromley-by-Bow,Tower Hamlets,25.24,45.27,42.14,4.31,90.13,1.16,31980,27.9,13272.72727,99.91,33.33,7.1,6.8,40.8323057,17.12934716
E05000579,East India and Lansbury,Tower Hamlets,25.94,48.23,43.74,3.38,108.62,1.13,29680,23.4,12458.33333,92.99,51.67,8.6,7.7,25.9091588,18.63714869
E05000580,Limehouse,Tower Hamlets,25.45,42.67,41.57,4.47,97.18,1.16,36260,37.4,14636.36364,99.17,66,6.8,6.2,24.0509408,12.27110583
E05000581,Mile End and Globe Town,Tower Hamlets,23.73,44.37,36.68,5.51,84.67,1.08,34300,34.2,16944.44444,69.35,36,6.5,5.9,35.5481108,13.93041587
E05000582,Mile End East,Tower Hamlets,31.05,45,42.04,5.29,122.56,1.42,32510,31.9,12227.27273,98.58,76,7.2,6.5,31.7441623,16.29734402
E05000583,Millwall,Tower Hamlets,24.87,38.33,27.55,3.4,15.95,1.44,46940,57.2,9320,87.63,41.67,3.7,3.3,39.0024111,8.120310736
E05000584,St Dunstan's and Stepney Green,Tower Hamlets,26.85,42.03,38.95,5.01,94.61,1.18,32930,29.9,16350,96.62,49.67,9.3,7.9,46.8726478,15.51606288
E05000585,St Katharine's and Wapping,Tower Hamlets,16.39,30.37,30.4,3.78,58.39,1.09,50770,57.8,8366.666667,91.67,62.33,5.1,4.4,49.0682477,6.238621192
E05000586,Shadwell,Tower Hamlets,27.64,44.5,38.54,5.1,93.56,0.99,36360,37.7,15250,86.4,88.33,7.2,6.5,42.3581509,12.82356049
E05000587,Spitalfields and Banglatown,Tower Hamlets,23.65,36.03,37.34,6.42,97.06,1.32,39910,44.4,17250,80.08,86.67,6.5,6.5,43.8081842,13.57857264
E05000588,Weavers,Tower Hamlets,26.07,44.83,41.98,5.15,212.03,0.96,37760,43.9,16625,89.16,54,7.8,6.7,35.7811446,11.00276716
E05000589,Whitechapel,Tower Hamlets,28.65,38.83,37.45,6.26,78.91,1.03,37600,45,16611.11111,75.94,103.67,6.3,6,40.6899599,10.43786982
E05000590,Cann Hall,Waltham Forest,21.95,31.2,28.93,2.89,101.38,1.87,32700,30.5,15444.44444,14.94,14.67,6.3,5.1,16.6992476,12.64620889
E05000591,Cathall,Waltham Forest,23.59,34.7,30.69,4.57,104.28,1.99,30950,28.6,11590.90909,49.41,27,6.9,5.3,20.935625,13.85004463
E05000592,Chapel End,Waltham Forest,23.58,25.53,22.2,2.89,97.05,1.17,36440,29.3,7861.111111,20.55,42.33,5.6,4.1,29.1165378,9.103279358
E05000593,Chingford Green,Waltham Forest,17.2,20.57,20.98,2.74,93.22,0.96,39280,27.1,2797.297297,51.76,30.67,8.8,5.5,51.9270443,6.576097657
E05000594,Endlebury,Waltham Forest,18.56,22.77,19.34,2.29,81.84,1.11,38580,24.7,5400,61.34,23.67,7.2,5.1,44.5608939,8.029861617
E05000595,Forest,Waltham Forest,22.81,20.07,18.26,4.13,108.01,1.13,36080,33.3,6350,16.61,50.67,6.9,5.3,34.1824223,10.33599518
E05000596,Grove Green,Waltham Forest,23.78,21.03,17.93,4.23,97.56,1.33,36350,34.8,16333.33333,4.63,27,5.1,4.3,24.620073,9.812206573
E05000597,Hale End and Highams Park,Waltham Forest,18.43,23.73,20.58,2.38,84.83,0.91,39490,28.9,4956.521739,42.97,49,6.5,4.4,45.7187463,7.968934661
E05000598,Hatch Lane,Waltham Forest,17.65,26.67,25.99,2.41,94.54,1.32,36110,24.1,4645.833333,57.81,22.67,9.2,6.4,37.7112482,8.070048745
E05000599,High Street,Waltham Forest,23.87,26.63,26.84,4.21,230.12,1.19,34810,35.7,4580.645161,2.09,50.67,6.2,4.7,34.8885641,9.204073934
E05000600,Higham Hill,Waltham Forest,27.47,36.3,33.61,2.6,84.69,1.19,31270,24.7,4140.625,19.6,42.67,7.7,6,24.7472918,12.60997067
E05000601,Hoe Street,Waltham Forest,24.67,27.57,24.33,5.06,135.65,1.35,34890,36.4,12727.27273,22.29,40.33,7.2,5.6,26.764261,12.0515921
E05000602,Larkswood,Waltham Forest,22.84,26.57,24.62,2.76,108.08,1.23,35170,21.6,5428.571429,30.49,20.67,8.8,5.9,36.841719,8.717679944
E05000603,Lea Bridge,Waltham Forest,21.78,28.53,26.76,3.61,119.77,1.59,31450,26.6,6057.692308,41.97,89,7.1,5.9,24.5086382,12.46934297
E05000604,Leyton,Waltham Forest,19.54,35.53,31.56,3.79,123.88,1.74,31040,28.5,7125,76.39,54,7,5.8,11.1456061,13.80789022
E05000605,Leytonstone,Waltham Forest,17.36,21.2,18.67,4.89,129.58,1.18,38700,40.8,9961.538462,17.03,42.33,6,4.1,40.1626178,9.668651307
E05000606,Markhouse,Waltham Forest,25.06,29.53,27.14,4.03,116.2,1.35,33780,30.9,9133.333333,49.18,29,6.6,5.3,28.8065812,10.22743947
E05000607,Valley,Waltham Forest,20.51,28.73,26.1,2.41,182.43,1.21,34250,20.2,5750,20.2,46.33,7.8,5.6,29.647926,8.973463687
E05000608,William Morris,Waltham Forest,25.06,31.9,28.41,3.33,97.78,1.11,35070,33.6,13350,34.9,32,6.3,5,31.7989483,9.780918728
E05000609,Wood Street,Waltham Forest,21.85,29.17,26.63,3.51,106.17,1.15,35130,33,7472.222222,4.48,42.33,6.9,5.3,32.2015914,10.76312307
E05000610,Balham,Wandsworth,12.3,8.6,8.73,4.64,139.23,0.71,53420,67.6,12333.33333,53.85,52,4,2.7,60.2907227,3.903964491
E05000611,Bedford,Wandsworth,17.96,17.13,16.72,4.15,126.63,0.81,46410,61.1,8111.111111,48.96,52.33,5,3.7,41.1814001,5.301701908
E05000612,Earlsfield,Wandsworth,21.85,22.5,21.68,3.64,87.54,0.88,44360,53.8,11071.42857,85.31,37.67,4.8,3.5,52.4260406,4.947378774
E05000613,East Putney,Wandsworth,11.76,14.13,13.74,4.3,72.23,0.97,49010,62.9,9437.5,60,78.33,4.7,3.3,41.0001204,4.048460374
E05000614,Fairfield,Wandsworth,21.25,16.57,16.47,5.22,109.82,1.05,48590,62.8,9766.666667,81.36,80,3.9,2.9,51.6614538,3.917050691
E05000615,Furzedown,Wandsworth,19.96,25,23.67,3.05,82.8,0.77,38240,41,11071.42857,40.98,28,6.1,4.3,53.5859147,9.38433951
E05000616,Graveney,Wandsworth,21.16,26.6,26.79,5.24,136.64,0.95,37960,44.9,15250,78.4,62.67,6.3,4.5,42.5503609,7.464535015
E05000617,Latchmere,Wandsworth,27.13,39.17,37.38,5.32,132.75,1.08,34990,40.7,14000,29.81,65,6.8,5.4,41.6754009,9.386322464
E05000618,Nightingale,Wandsworth,18.5,10.6,10.67,5.27,104.96,0.72,50790,63,12291.66667,68.41,53.67,5.1,3.5,45.2594055,4.256224729
E05000619,Northcote,Wandsworth,10.4,5.53,5.33,4.89,150.97,0.67,55810,68.7,8823.529412,43.58,77.33,3.2,2.4,47.2392972,3.114503817
E05000620,Queenstown,Wandsworth,25.64,34.97,31.45,4.32,78.51,1.27,39580,50,5109.375,40.78,71,5,3.9,31.6378512,7.416493678
E05000621,Roehampton,Wandsworth,22.22,37.13,32.96,2.93,88.97,1.55,30320,27.3,3659.090909,79,76.33,7.9,5.6,34.9777353,13.46747315
E05000622,St Mary's Park,Wandsworth,23.77,25.43,22.79,3.5,89.9,0.99,44720,52.1,11857.14286,65.58,56,5.6,3.6,42.2836794,5.867322797
E05000623,Shaftesbury,Wandsworth,26.57,16.1,15.92,4.97,127.64,0.78,50410,61.7,15777.77778,20.66,41.67,4.8,3.5,55.1285615,4.443772672
E05000624,Southfields,Wandsworth,17.3,14.7,14.05,3.77,99.04,0.63,48160,57.6,10866.66667,72.76,40.67,4.1,2.8,69.0048183,4.325108853
E05000625,Thamesfield,Wandsworth,11.7,6.9,6.5,4.66,117.15,0.61,55380,68.6,7842.105263,64.53,48.33,3.1,2.3,65.3101525,3.227423073
E05000626,Tooting,Wandsworth,21.04,32.13,28.04,5.13,74.94,0.93,36000,42.5,10156.25,84.2,90.67,5.7,4.6,37.5794672,8.688854143
E05000627,Wandsworth Common,Wandsworth,16.67,7.4,7.32,2.58,85.74,0.59,51420,53.9,5464.285714,79.06,39.33,5,3.5,52.1507865,5.160684964
E05000628,West Hill,Wandsworth,18.36,26.9,23.13,2.89,60.89,0.99,40360,45.1,9676.470588,87.27,22,6.3,4.2,45.2072534,6.480888319
E05000629,West Putney,Wandsworth,21.8,22.1,20.12,2.78,80.73,1.46,43280,48.7,8194.444444,77.03,22,7.1,4.9,33.4092496,5.955489245
E05000630,Abbey Road,Westminster,23.96,17.8,11.33,5.36,66.41,1.08,52200,56.6,10227.27273,16.64,32.33,5.6,4.5,42.5314928,4.917463076
E05000631,Bayswater,Westminster,20.22,19.97,17.95,5.96,142.99,1.08,49960,61.3,20600,6.44,25.33,5.9,4.8,39.4678018,5.928308824
E05000632,Bryanston and Dorset Square,Westminster,35.71,23.07,18,7.96,99.51,1.14,51370,58,17142.85714,30.19,92.33,5,4.1,50.801741,5.876407739
E05000633,Churchill,Westminster,26.92,45.97,39.92,4.77,133.75,0.95,39530,38.4,16083.33333,63.24,23,8.9,7.5,44.8933277,9.577404969
E05000634,Church Street,Westminster,26.78,51.67,48.59,6.14,91.47,1.4,26290,26.4,29375,51.69,33.67,12.3,10.9,43.7975093,16.86486486
E05000635,Harrow Road,Westminster,27.27,44.3,40.59,5.5,111.87,1.18,35000,39.5,24100,31.16,33,9.2,7.6,43.117625,11.7508997
E05000636,Hyde Park,Westminster,15.84,28.2,24.75,7.79,64.94,1.43,46880,54.7,12450,36.3,92.33,5.6,5.2,46.3215789,7.642658061
E05000637,Knightsbridge and Belgravia,Westminster,,2.63,0.88,6.63,69.05,0.42,88330,47.8,2583.333333,36.33,163,2.4,1.8,66.6708333,3.82959438
E05000638,Lancaster Gate,Westminster,22.13,23.1,20.89,7.11,183.12,1.59,49290,60.8,22000,1.86,35.33,4.9,4,57.4991634,6.822044185
E05000639,Little Venice,Westminster,22.02,29.47,23.79,5.55,110.49,1.08,48770,56.5,17750,70.41,55,6.5,5.8,46.4232633,6.212967665
E05000640,Maida Vale,Westminster,23.72,35.9,35.56,5.32,118.77,1.34,45660,52.2,17000,23.58,27.33,7.5,5.9,24.4899501,6.846473029
E05000641,Marylebone High Street,Westminster,,15.63,12.37,7.77,75.62,0.99,58370,61.5,10350,4.46,115,3.8,2.9,74.3819712,4.685325499
E05000642,Queen's Park,Westminster,26.76,45.33,44.11,4.95,97.59,1.23,32260,30.3,20916.66667,41.5,13.67,10.4,9,36.5969351,13.31114809
E05000643,Regent's Park,Westminster,21.66,27.47,20.7,5.15,72.59,1.03,46510,52.2,5260.869565,64.37,88,7.7,6,40.7433346,6.582584658
E05000644,St James's,Westminster,24.18,18.37,23.7,7.56,76.23,0.95,52520,49.9,3085.714286,66.49,387,6.1,4.9,26.6605595,6.997261941
E05000645,Tachbrook,Westminster,25.74,23.8,22.5,6.11,84.03,0.82,47340,55.1,20375,90.84,37.33,7.1,5.7,57.6807942,5.792197452
E05000646,Vincent Square,Westminster,22.22,29.5,26.77,6.75,38.02,0.74,46550,53.1,14285.71429,92.56,40.33,7,5.6,46.2606686,7.682862656
E05000647,Warwick,Westminster,21.24,27.27,24.6,6.26,64.78,0.86,50250,58.5,15666.66667,3.78,55.67,6,5.2,47.9218439,6.15255658
E05000648,Westbourne,Westminster,26.55,50.33,48.51,4.74,104.08,1.18,32390,35.7,18214.28571,72.76,38,10.7,8.7,49.3090886,11.93333333
E05000649,West End,Westminster,21.21,16.5,13.17,7.94,117.2,0.8,54970,54.6,5300,39.68,273.67,5.3,4.5,39.4875972,6.018246027
